mtbschnitt_id,Bevoelkerungszahl
     600,-9999.00
     601,-9999.00
     602,-9999.00
     603,-9999.00
     604,-9999.00
     605,-9999.00
     606,-9999.00
     607,-9999.00
     608,-9999.00
     609,-9999.00
     610,-9999.00
     611,-9999.00
     612,-9999.00
     613,-9999.00
     614,-9999.00
     615,-9999.00
     616,-9999.00
     617,-9999.00
     618,-9999.00
     619,-9999.00
     620,-9999.00
     621,-9999.00
     622,-9999.00
     623,-9999.00
     624,-9999.00
     625,-9999.00
     626,-9999.00
     627,-9999.00
     628,-9999.00
     629,-9999.00
     630,-9999.00
     631,-9999.00
     632,-9999.00
     633,-9999.00
     634,-9999.00
     635,-9999.00
     636,-9999.00
     637,-9999.00
     638,-9999.00
     639,-9999.00
     640,-9999.00
     641,-9999.00
     642,-9999.00
     643,-9999.00
     644,-9999.00
     645,-9999.00
     646,-9999.00
     647,-9999.00
     648,-9999.00
     649,-9999.00
     650,-9999.00
     651,-9999.00
     652,-9999.00
     653,-9999.00
     654,-9999.00
     655,-9999.00
     656,-9999.00
     657,-9999.00
     658,-9999.00
     700,-9999.00
     701,-9999.00
     702,-9999.00
     703,-9999.00
     704,-9999.00
     705,-9999.00
     706,-9999.00
     707,-9999.00
     708,-9999.00
     709,-9999.00
     710,-9999.00
     711,-9999.00
     712,-9999.00
     713,-9999.00
     714,-9999.00
     715,-9999.00
     716,-9999.00
     717,-9999.00
     718,-9999.00
     719,-9999.00
     720,-9999.00
     721,-9999.00
     722,-9999.00
     723,-9999.00
     724,-9999.00
     725,-9999.00
     726,-9999.00
     727,-9999.00
     728,-9999.00
     729,-9999.00
     730,-9999.00
     731,-9999.00
     732,-9999.00
     733,-9999.00
     734,-9999.00
     735,-9999.00
     736,-9999.00
     737,-9999.00
     738,-9999.00
     739,-9999.00
     740,-9999.00
     741,-9999.00
     742,-9999.00
     743,-9999.00
     744,-9999.00
     745,-9999.00
     746,-9999.00
     747,-9999.00
     748,-9999.00
     749,-9999.00
     750,-9999.00
     751,-9999.00
     752,-9999.00
     753,-9999.00
     754,-9999.00
     755,-9999.00
     756,-9999.00
     757,-9999.00
     758,-9999.00
     800,-9999.00
     801,-9999.00
     802,-9999.00
     803,-9999.00
     804,-9999.00
     805,-9999.00
     806,-9999.00
     807,-9999.00
     808,-9999.00
     809,-9999.00
     810,-9999.00
     811,-9999.00
     812,-9999.00
     813,-9999.00
     814,-9999.00
     815,-9999.00
     816,-9999.00
     817,-9999.00
     818,-9999.00
     819,-9999.00
     820,-9999.00
     821,-9999.00
     822,-9999.00
     823,-9999.00
     824,-9999.00
     825,-9999.00
     826,-9999.00
     827,-9999.00
     828,-9999.00
     829,-9999.00
     830,-9999.00
     831,-9999.00
     832,-9999.00
     833,-9999.00
     834,-9999.00
     835,-9999.00
     836,-9999.00
     837,-9999.00
     838,-9999.00
     839,-9999.00
     840,-9999.00
     841,-9999.00
     842,-9999.00
     843,-9999.00
     844,-9999.00
     845,-9999.00
     846,-9999.00
     847,-9999.00
     848,-9999.00
     849,-9999.00
     850,-9999.00
     851,-9999.00
     852,-9999.00
     853,-9999.00
     854,-9999.00
     855,-9999.00
     856,-9999.00
     857,-9999.00
     858,-9999.00
     900,0.00000
     901,0.00000
     902,0.00000
     903,0.00000
     904,0.00000
     905,0.00000
     906,0.00000
     907,0.00000
     908,0.00000
     909,0.00000
     910,0.00000
     911,0.00000
     912,0.00000
     913,0.00000
     914,0.00000
     915,0.00000
     916,2358.00
     917,0.00000
     918,0.00000
     919,0.00000
     920,0.00000
     921,0.00000
     922,0.00000
     923,0.00000
     924,0.00000
     925,0.00000
     926,0.00000
     927,0.00000
     928,0.00000
     929,0.00000
     930,0.00000
     931,0.00000
     932,0.00000
     933,0.00000
     934,0.00000
     935,0.00000
     936,0.00000
     937,0.00000
     938,0.00000
     939,0.00000
     940,0.00000
     941,0.00000
     942,0.00000
     943,0.00000
     944,0.00000
     945,0.00000
     946,0.00000
     947,0.00000
     948,0.00000
     949,0.00000
     950,0.00000
     951,0.00000
     952,0.00000
     953,0.00000
     954,0.00000
     955,0.00000
     956,0.00000
     957,0.00000
     958,0.00000
    1000,0.00000
    1001,0.00000
    1002,0.00000
    1003,0.00000
    1004,0.00000
    1005,0.00000
    1006,0.00000
    1007,0.00000
    1008,0.00000
    1009,0.00000
    1010,0.00000
    1011,0.00000
    1012,0.00000
    1013,0.00000
    1014,0.00000
    1015,8898.00
    1016,5290.00
    1017,0.00000
    1018,515.000
    1019,59.0000
    1020,0.00000
    1021,0.00000
    1022,0.00000
    1023,0.00000
    1024,0.00000
    1025,0.00000
    1026,0.00000
    1027,0.00000
    1028,0.00000
    1029,0.00000
    1030,0.00000
    1031,0.00000
    1032,0.00000
    1033,0.00000
    1034,0.00000
    1035,0.00000
    1036,0.00000
    1037,0.00000
    1038,0.00000
    1039,0.00000
    1040,0.00000
    1041,0.00000
    1042,0.00000
    1043,0.00000
    1044,0.00000
    1045,0.00000
    1046,0.00000
    1047,0.00000
    1048,0.00000
    1049,0.00000
    1050,0.00000
    1051,0.00000
    1052,0.00000
    1053,0.00000
    1054,0.00000
    1055,0.00000
    1056,0.00000
    1057,0.00000
    1058,0.00000
    1100,0.00000
    1101,0.00000
    1102,0.00000
    1103,0.00000
    1104,0.00000
    1105,0.00000
    1106,0.00000
    1107,0.00000
    1108,0.00000
    1109,0.00000
    1110,0.00000
    1111,0.00000
    1112,0.00000
    1113,0.00000
    1114,0.00000
    1115,307.000
    1116,1940.00
    1117,367.000
    1118,4475.00
    1119,5710.00
    1120,2407.00
    1121,1782.00
    1122,20534.0
    1123,11870.0
    1124,329.000
    1125,0.00000
    1126,0.00000
    1127,0.00000
    1128,0.00000
    1129,0.00000
    1130,0.00000
    1131,0.00000
    1132,0.00000
    1133,0.00000
    1134,0.00000
    1135,0.00000
    1136,0.00000
    1137,0.00000
    1138,0.00000
    1139,0.00000
    1140,0.00000
    1141,0.00000
    1142,0.00000
    1143,0.00000
    1144,0.00000
    1145,0.00000
    1146,0.00000
    1147,0.00000
    1148,0.00000
    1149,0.00000
    1150,0.00000
    1151,0.00000
    1152,0.00000
    1153,0.00000
    1154,0.00000
    1155,0.00000
    1156,0.00000
    1157,0.00000
    1158,0.00000
    1200,0.00000
    1201,0.00000
    1202,0.00000
    1203,0.00000
    1204,0.00000
    1205,0.00000
    1206,0.00000
    1207,0.00000
    1208,0.00000
    1209,0.00000
    1210,0.00000
    1211,0.00000
    1212,0.00000
    1213,0.00000
    1214,0.00000
    1215,348.000
    1216,798.000
    1217,1804.00
    1218,7512.00
    1219,18117.0
    1220,5057.00
    1221,9308.00
    1222,99345.0
    1223,10997.0
    1224,11271.0
    1225,5905.00
    1226,27.0000
    1227,0.00000
    1228,0.00000
    1229,0.00000
    1230,0.00000
    1231,0.00000
    1232,0.00000
    1233,0.00000
    1234,0.00000
    1235,0.00000
    1236,0.00000
    1237,0.00000
    1238,0.00000
    1239,0.00000
    1240,0.00000
    1241,0.00000
    1242,0.00000
    1243,0.00000
    1244,0.00000
    1245,0.00000
    1246,0.00000
    1247,0.00000
    1248,0.00000
    1249,0.00000
    1250,0.00000
    1251,0.00000
    1252,0.00000
    1253,0.00000
    1254,0.00000
    1255,0.00000
    1256,0.00000
    1257,0.00000
    1258,0.00000
    1300,0.00000
    1301,0.00000
    1302,0.00000
    1303,0.00000
    1304,0.00000
    1305,0.00000
    1306,0.00000
    1307,0.00000
    1308,0.00000
    1309,0.00000
    1310,0.00000
    1311,0.00000
    1312,0.00000
    1313,0.00000
    1314,0.00000
    1315,16.0000
    1316,3286.00
    1317,5664.00
    1318,623.000
    1319,11766.0
    1320,6120.00
    1321,4741.00
    1322,16627.0
    1323,10470.0
    1324,8318.00
    1325,17089.0
    1326,1199.00
    1327,0.00000
    1328,0.00000
    1329,0.00000
    1330,0.00000
    1331,0.00000
    1332,0.00000
    1333,0.00000
    1334,0.00000
    1335,0.00000
    1336,0.00000
    1337,0.00000
    1338,0.00000
    1339,0.00000
    1340,0.00000
    1341,0.00000
    1342,0.00000
    1343,0.00000
    1344,0.00000
    1345,3224.00
    1346,934.000
    1347,0.00000
    1348,0.00000
    1349,0.00000
    1350,0.00000
    1351,0.00000
    1352,0.00000
    1353,0.00000
    1354,0.00000
    1355,0.00000
    1356,0.00000
    1357,0.00000
    1358,0.00000
    1400,0.00000
    1401,0.00000
    1402,0.00000
    1403,0.00000
    1404,0.00000
    1405,0.00000
    1406,0.00000
    1407,0.00000
    1408,0.00000
    1409,0.00000
    1410,0.00000
    1411,0.00000
    1412,0.00000
    1413,0.00000
    1414,0.00000
    1415,0.00000
    1416,0.00000
    1417,717.000
    1418,746.000
    1419,2429.00
    1420,7248.00
    1421,9077.00
    1422,12138.0
    1423,38359.0
    1424,7009.00
    1425,6792.00
    1426,1642.00
    1427,0.00000
    1428,0.00000
    1429,0.00000
    1430,0.00000
    1431,0.00000
    1432,82.0000
    1433,24.0000
    1434,0.00000
    1435,0.00000
    1436,0.00000
    1437,0.00000
    1438,0.00000
    1439,0.00000
    1440,0.00000
    1441,0.00000
    1442,0.00000
    1443,0.00000
    1444,943.000
    1445,1686.00
    1446,469.000
    1447,16864.0
    1448,1531.00
    1449,0.00000
    1450,0.00000
    1451,0.00000
    1452,0.00000
    1453,0.00000
    1454,0.00000
    1455,0.00000
    1456,0.00000
    1457,0.00000
    1458,0.00000
    1500,0.00000
    1501,0.00000
    1502,0.00000
    1503,0.00000
    1504,0.00000
    1505,0.00000
    1506,0.00000
    1507,0.00000
    1508,0.00000
    1509,0.00000
    1510,0.00000
    1511,0.00000
    1512,0.00000
    1513,0.00000
    1514,0.00000
    1515,0.00000
    1516,0.00000
    1517,24.0000
    1518,147.000
    1519,3042.00
    1520,27824.0
    1521,5716.00
    1522,4921.00
    1523,23086.0
    1524,16837.0
    1525,24136.0
    1526,14337.0
    1527,9887.00
    1528,2227.00
    1529,0.00000
    1530,0.00000
    1531,0.00000
    1532,4561.00
    1533,10844.0
    1534,0.00000
    1535,0.00000
    1536,0.00000
    1537,0.00000
    1538,0.00000
    1539,0.00000
    1540,0.00000
    1541,2271.00
    1542,719.000
    1543,144.000
    1544,469.000
    1545,2718.00
    1546,19834.0
    1547,5594.00
    1548,0.00000
    1549,0.00000
    1550,0.00000
    1551,0.00000
    1552,0.00000
    1553,0.00000
    1554,0.00000
    1555,0.00000
    1556,0.00000
    1557,0.00000
    1558,0.00000
    1600,0.00000
    1601,0.00000
    1602,0.00000
    1603,0.00000
    1604,0.00000
    1605,0.00000
    1606,0.00000
    1607,0.00000
    1608,0.00000
    1609,0.00000
    1610,0.00000
    1611,0.00000
    1612,0.00000
    1613,0.00000
    1614,0.00000
    1615,0.00000
    1616,0.00000
    1617,2783.00
    1618,3870.00
    1619,7317.00
    1620,8513.00
    1621,6521.00
    1622,3234.00
    1623,16142.0
    1624,25979.0
    1625,11045.0
    1626,178504.
    1627,75149.0
    1628,10507.0
    1629,3940.00
    1630,662.000
    1631,13249.0
    1632,6168.00
    1633,3.00000
    1634,0.00000
    1635,0.00000
    1636,0.00000
    1637,0.00000
    1638,0.00000
    1639,0.00000
    1640,2682.00
    1641,4371.00
    1642,13209.0
    1643,5866.00
    1644,67339.0
    1645,4862.00
    1646,6535.00
    1647,3772.00
    1648,6216.00
    1649,0.00000
    1650,0.00000
    1651,0.00000
    1652,0.00000
    1653,0.00000
    1654,0.00000
    1655,0.00000
    1656,0.00000
    1657,0.00000
    1658,0.00000
    1700,0.00000
    1701,0.00000
    1702,0.00000
    1703,0.00000
    1704,0.00000
    1705,0.00000
    1706,0.00000
    1707,0.00000
    1708,0.00000
    1709,0.00000
    1710,0.00000
    1711,0.00000
    1712,0.00000
    1713,0.00000
    1714,0.00000
    1715,0.00000
    1716,0.00000
    1717,1857.00
    1718,585.000
    1719,7260.00
    1720,12522.0
    1721,11268.0
    1722,3393.00
    1723,17762.0
    1724,23750.0
    1725,7709.00
    1726,44232.0
    1727,69348.0
    1728,6808.00
    1729,11718.0
    1730,4449.00
    1731,14845.0
    1732,4428.00
    1733,0.00000
    1734,0.00000
    1735,0.00000
    1736,0.00000
    1737,0.00000
    1738,9.00000
    1739,6313.00
    1740,16180.0
    1741,5240.00
    1742,4143.00
    1743,3530.00
    1744,14358.0
    1745,3442.00
    1746,812.000
    1747,0.00000
    1748,795.000
    1749,0.00000
    1750,0.00000
    1751,0.00000
    1752,0.00000
    1753,0.00000
    1754,0.00000
    1755,0.00000
    1756,0.00000
    1757,0.00000
    1758,0.00000
    1800,0.00000
    1801,0.00000
    1802,0.00000
    1803,0.00000
    1804,0.00000
    1805,0.00000
    1806,0.00000
    1807,0.00000
    1808,0.00000
    1809,0.00000
    1810,0.00000
    1811,0.00000
    1812,0.00000
    1813,855.000
    1814,0.00000
    1815,0.00000
    1816,0.00000
    1817,0.00000
    1818,194.000
    1819,11626.0
    1820,23731.0
    1821,12739.0
    1822,4745.00
    1823,6384.00
    1824,5003.00
    1825,18389.0
    1826,14204.0
    1827,7359.00
    1828,16541.0
    1829,28974.0
    1830,14641.0
    1831,10648.0
    1832,1511.00
    1833,0.00000
    1834,0.00000
    1835,1624.00
    1836,13598.0
    1837,10051.0
    1838,111473.
    1839,25590.0
    1840,3801.00
    1841,6458.00
    1842,2239.00
    1843,3977.00
    1844,11232.0
    1845,2922.00
    1846,6278.00
    1847,3575.00
    1848,2672.00
    1849,5650.00
    1850,0.00000
    1851,0.00000
    1852,0.00000
    1853,0.00000
    1854,0.00000
    1855,0.00000
    1856,0.00000
    1857,0.00000
    1858,0.00000
    1900,0.00000
    1901,0.00000
    1902,0.00000
    1903,0.00000
    1904,0.00000
    1905,0.00000
    1906,0.00000
    1907,0.00000
    1908,0.00000
    1909,0.00000
    1910,0.00000
    1911,0.00000
    1912,0.00000
    1913,0.00000
    1914,0.00000
    1915,0.00000
    1916,0.00000
    1917,0.00000
    1918,0.00000
    1919,1569.00
    1920,16995.0
    1921,6882.00
    1922,6175.00
    1923,8524.00
    1924,9130.00
    1925,51920.0
    1926,47292.0
    1927,12646.0
    1928,6344.00
    1929,12999.0
    1930,18553.0
    1931,4322.00
    1932,268.000
    1933,126.000
    1934,520.000
    1935,1948.00
    1936,11104.0
    1937,10044.0
    1938,94042.0
    1939,21300.0
    1940,11248.0
    1941,2098.00
    1942,6136.00
    1943,2021.00
    1944,4808.00
    1945,3953.00
    1946,76456.0
    1947,3985.00
    1948,18530.0
    1949,8267.00
    1950,3929.00
    1951,0.00000
    1952,0.00000
    1953,0.00000
    1954,0.00000
    1955,0.00000
    1956,0.00000
    1957,0.00000
    1958,0.00000
    2000,0.00000
    2001,0.00000
    2002,0.00000
    2003,0.00000
    2004,0.00000
    2005,0.00000
    2006,0.00000
    2007,0.00000
    2008,0.00000
    2009,0.00000
    2010,0.00000
    2011,0.00000
    2012,0.00000
    2013,0.00000
    2014,0.00000
    2015,0.00000
    2016,5.00000
    2017,6.00000
    2018,0.00000
    2019,2783.00
    2020,24833.0
    2021,9390.00
    2022,15761.0
    2023,44685.0
    2024,12779.0
    2025,24170.0
    2026,3063.00
    2027,35309.0
    2028,11181.0
    2029,9489.00
    2030,73157.0
    2031,27036.0
    2032,4219.00
    2033,6404.00
    2034,12772.0
    2035,5567.00
    2036,2546.00
    2037,4628.00
    2038,7929.00
    2039,3059.00
    2040,3997.00
    2041,1824.00
    2042,6659.00
    2043,4522.00
    2044,14898.0
    2045,5929.00
    2046,6781.00
    2047,4338.00
    2048,3214.00
    2049,2616.00
    2050,4998.00
    2051,3960.00
    2052,0.00000
    2053,0.00000
    2054,0.00000
    2055,0.00000
    2056,0.00000
    2057,0.00000
    2058,0.00000
    2100,0.00000
    2101,0.00000
    2102,0.00000
    2103,0.00000
    2104,0.00000
    2105,0.00000
    2106,0.00000
    2107,0.00000
    2108,0.00000
    2109,0.00000
    2110,0.00000
    2111,0.00000
    2112,0.00000
    2113,0.00000
    2114,0.00000
    2115,0.00000
    2116,0.00000
    2117,8056.00
    2118,39592.0
    2119,8237.00
    2120,10661.0
    2121,4854.00
    2122,10908.0
    2123,15563.0
    2124,6810.00
    2125,38787.0
    2126,14000.0
    2127,13662.0
    2128,33659.0
    2129,70896.0
    2130,146720.
    2131,6836.00
    2132,3653.00
    2133,9182.00
    2134,38028.0
    2135,5357.00
    2136,6291.00
    2137,11752.0
    2138,5499.00
    2139,6770.00
    2140,3857.00
    2141,3602.00
    2142,2037.00
    2143,2348.00
    2144,6027.00
    2145,2826.00
    2146,2769.00
    2147,3025.00
    2148,10628.0
    2149,2489.00
    2150,1575.00
    2151,738.000
    2152,0.00000
    2153,0.00000
    2154,0.00000
    2155,0.00000
    2156,0.00000
    2157,0.00000
    2158,0.00000
    2200,0.00000
    2201,0.00000
    2202,0.00000
    2203,0.00000
    2204,0.00000
    2205,0.00000
    2206,0.00000
    2207,0.00000
    2208,2666.00
    2209,3818.00
    2210,2389.00
    2211,862.000
    2212,1452.00
    2213,2515.00
    2214,197.000
    2215,0.00000
    2216,24.0000
    2217,12515.0
    2218,6245.00
    2219,5059.00
    2220,12896.0
    2221,4967.00
    2222,20638.0
    2223,23346.0
    2224,61962.0
    2225,62507.0
    2226,51542.0
    2227,34128.0
    2228,11273.0
    2229,12661.0
    2230,8489.00
    2231,4325.00
    2232,7403.00
    2233,5003.00
    2234,9348.00
    2235,5839.00
    2236,9445.00
    2237,6431.00
    2238,3994.00
    2239,25059.0
    2240,2972.00
    2241,16691.0
    2242,6777.00
    2243,3060.00
    2244,2707.00
    2245,4495.00
    2246,2932.00
    2247,1777.00
    2248,4394.00
    2249,3235.00
    2250,8881.00
    2251,1036.00
    2252,0.00000
    2253,0.00000
    2254,0.00000
    2255,0.00000
    2256,0.00000
    2257,0.00000
    2258,0.00000
    2300,0.00000
    2301,0.00000
    2302,0.00000
    2303,0.00000
    2304,0.00000
    2305,0.00000
    2306,59.0000
    2307,649.000
    2308,2440.00
    2309,14620.0
    2310,6786.00
    2311,9577.00
    2312,5955.00
    2313,5106.00
    2314,1622.00
    2315,141.000
    2316,502.000
    2317,23313.0
    2318,7552.00
    2319,7493.00
    2320,7781.00
    2321,15182.0
    2322,27680.0
    2323,11458.0
    2324,92659.0
    2325,230853.
    2326,377465.
    2327,97712.0
    2328,24648.0
    2329,9708.00
    2330,27757.0
    2331,3219.00
    2332,7624.00
    2333,4982.00
    2334,75208.0
    2335,6248.00
    2336,2198.00
    2337,4431.00
    2338,1927.00
    2339,2386.00
    2340,3129.00
    2341,2484.00
    2342,2829.00
    2343,9096.00
    2344,3255.00
    2345,9345.00
    2346,3303.00
    2347,7520.00
    2348,1740.00
    2349,4939.00
    2350,17020.0
    2351,1324.00
    2352,0.00000
    2353,0.00000
    2354,0.00000
    2355,0.00000
    2356,0.00000
    2357,0.00000
    2358,0.00000
    2400,0.00000
    2401,0.00000
    2402,0.00000
    2403,0.00000
    2404,0.00000
    2405,261.000
    2406,5255.00
    2407,0.00000
    2408,1691.00
    2409,30491.0
    2410,21070.0
    2411,10213.0
    2412,20564.0
    2413,31758.0
    2414,105726.
    2415,2888.00
    2416,7384.00
    2417,124407.
    2418,8791.00
    2419,5223.00
    2420,5701.00
    2421,11235.0
    2422,39609.0
    2423,22656.0
    2424,78718.0
    2425,448363.
    2426,504209.
    2427,145926.
    2428,19549.0
    2429,8050.00
    2430,7798.00
    2431,5577.00
    2432,6004.00
    2433,5474.00
    2434,36315.0
    2435,11766.0
    2436,7474.00
    2437,2530.00
    2438,6316.00
    2439,1729.00
    2440,1512.00
    2441,4035.00
    2442,11802.0
    2443,3650.00
    2444,7785.00
    2445,80250.0
    2446,4809.00
    2447,2861.00
    2448,3395.00
    2449,7300.00
    2450,10064.0
    2451,1171.00
    2452,3.00000
    2453,0.00000
    2454,0.00000
    2455,0.00000
    2456,0.00000
    2457,0.00000
    2458,0.00000
    2500,0.00000
    2501,0.00000
    2502,0.00000
    2503,0.00000
    2504,0.00000
    2505,0.00000
    2506,0.00000
    2507,0.00000
    2508,13349.0
    2509,10140.0
    2510,39635.0
    2511,31601.0
    2512,14837.0
    2513,18792.0
    2514,14501.0
    2515,1083.00
    2516,24759.0
    2517,17830.0
    2518,17604.0
    2519,5034.00
    2520,14937.0
    2521,8445.00
    2522,9415.00
    2523,26683.0
    2524,71643.0
    2525,158631.
    2526,66797.0
    2527,77915.0
    2528,45045.0
    2529,11827.0
    2530,1818.00
    2531,2947.00
    2532,4307.00
    2533,17625.0
    2534,3682.00
    2535,2657.00
    2536,6156.00
    2537,21271.0
    2538,8392.00
    2539,6326.00
    2540,8947.00
    2541,2181.00
    2542,429.000
    2543,1188.00
    2544,3031.00
    2545,9400.00
    2546,2937.00
    2547,4211.00
    2548,1954.00
    2549,4488.00
    2550,3265.00
    2551,6606.00
    2552,777.000
    2553,0.00000
    2554,0.00000
    2555,0.00000
    2556,0.00000
    2557,0.00000
    2558,0.00000
    2600,0.00000
    2601,0.00000
    2602,0.00000
    2603,0.00000
    2604,0.00000
    2605,0.00000
    2606,0.00000
    2607,0.00000
    2608,4762.00
    2609,39106.0
    2610,13720.0
    2611,19963.0
    2612,12180.0
    2613,8394.00
    2614,21205.0
    2615,9232.00
    2616,20352.0
    2617,7029.00
    2618,10826.0
    2619,7170.00
    2620,7153.00
    2621,9735.00
    2622,9018.00
    2623,5944.00
    2624,15754.0
    2625,54824.0
    2626,27806.0
    2627,38812.0
    2628,17054.0
    2629,22502.0
    2630,11275.0
    2631,3318.00
    2632,4724.00
    2633,3491.00
    2634,4097.00
    2635,18581.0
    2636,2809.00
    2637,3288.00
    2638,1260.00
    2639,3778.00
    2640,1925.00
    2641,5905.00
    2642,2017.00
    2643,1154.00
    2644,22462.0
    2645,1273.00
    2646,3462.00
    2647,2402.00
    2648,2428.00
    2649,18783.0
    2650,2712.00
    2651,2050.00
    2652,898.000
    2653,0.00000
    2654,0.00000
    2655,0.00000
    2656,0.00000
    2657,0.00000
    2658,0.00000
    2700,0.00000
    2701,0.00000
    2702,0.00000
    2703,0.00000
    2704,0.00000
    2705,0.00000
    2706,0.00000
    2707,0.00000
    2708,0.00000
    2709,2165.00
    2710,38777.0
    2711,17914.0
    2712,17796.0
    2713,17790.0
    2714,11122.0
    2715,24291.0
    2716,12050.0
    2717,36801.0
    2718,35016.0
    2719,12102.0
    2720,8282.00
    2721,11949.0
    2722,4448.00
    2723,14349.0
    2724,25183.0
    2725,12469.0
    2726,12387.0
    2727,15823.0
    2728,103053.
    2729,13186.0
    2730,7266.00
    2731,3478.00
    2732,2990.00
    2733,3058.00
    2734,3669.00
    2735,10922.0
    2736,2855.00
    2737,2184.00
    2738,3834.00
    2739,2075.00
    2740,3211.00
    2741,2049.00
    2742,2721.00
    2743,6130.00
    2744,1046.00
    2745,2564.00
    2746,978.000
    2747,2435.00
    2748,1806.00
    2749,2601.00
    2750,2986.00
    2751,2966.00
    2752,2764.00
    2753,0.00000
    2754,0.00000
    2755,0.00000
    2756,0.00000
    2757,0.00000
    2758,0.00000
    2800,0.00000
    2801,0.00000
    2802,0.00000
    2803,0.00000
    2804,0.00000
    2805,0.00000
    2806,0.00000
    2807,0.00000
    2808,0.00000
    2809,13242.0
    2810,25288.0
    2811,25528.0
    2812,21298.0
    2813,16926.0
    2814,36216.0
    2815,157172.
    2816,16111.0
    2817,75554.0
    2818,92259.0
    2819,56376.0
    2820,15222.0
    2821,13273.0
    2822,28076.0
    2823,5835.00
    2824,16369.0
    2825,1111.00
    2826,6000.00
    2827,8017.00
    2828,12983.0
    2829,6700.00
    2830,6968.00
    2831,2621.00
    2832,8648.00
    2833,5468.00
    2834,1899.00
    2835,1745.00
    2836,6420.00
    2837,2109.00
    2838,2759.00
    2839,6050.00
    2840,8366.00
    2841,4803.00
    2842,1914.00
    2843,5654.00
    2844,4599.00
    2845,2168.00
    2846,4805.00
    2847,11469.0
    2848,1870.00
    2849,2312.00
    2850,3120.00
    2851,2013.00
    2852,472.000
    2853,0.00000
    2854,0.00000
    2855,0.00000
    2856,0.00000
    2857,0.00000
    2858,0.00000
    2900,0.00000
    2901,0.00000
    2902,0.00000
    2903,0.00000
    2904,0.00000
    2905,0.00000
    2906,0.00000
    2907,0.00000
    2908,0.00000
    2909,5193.00
    2910,41594.0
    2911,6575.00
    2912,7877.00
    2913,20257.0
    2914,6650.00
    2915,22677.0
    2916,7876.00
    2917,94516.0
    2918,217440.
    2919,201199.
    2920,45540.0
    2921,6966.00
    2922,5887.00
    2923,7330.00
    2924,8859.00
    2925,4381.00
    2926,7810.00
    2927,2905.00
    2928,7645.00
    2929,18651.0
    2930,3018.00
    2931,2157.00
    2932,8775.00
    2933,1525.00
    2934,4081.00
    2935,1698.00
    2936,15254.0
    2937,13108.0
    2938,2524.00
    2939,2157.00
    2940,2448.00
    2941,1016.00
    2942,1011.00
    2943,3999.00
    2944,6758.00
    2945,5292.00
    2946,1834.00
    2947,1078.00
    2948,1863.00
    2949,4971.00
    2950,10778.0
    2951,32349.0
    2952,3.00000
    2953,0.00000
    2954,0.00000
    2955,0.00000
    2956,0.00000
    2957,0.00000
    2958,0.00000
    3000,0.00000
    3001,0.00000
    3002,0.00000
    3003,0.00000
    3004,0.00000
    3005,0.00000
    3006,0.00000
    3007,0.00000
    3008,11.0000
    3009,6308.00
    3010,8055.00
    3011,13833.0
    3012,6224.00
    3013,6626.00
    3014,14306.0
    3015,11445.0
    3016,15413.0
    3017,10429.0
    3018,34379.0
    3019,33645.0
    3020,13384.0
    3021,34431.0
    3022,4600.00
    3023,14747.0
    3024,8433.00
    3025,21721.0
    3026,12872.0
    3027,3811.00
    3028,6368.00
    3029,34833.0
    3030,6097.00
    3031,3248.00
    3032,13369.0
    3033,6312.00
    3034,1133.00
    3035,1962.00
    3036,4674.00
    3037,4335.00
    3038,3431.00
    3039,2500.00
    3040,11293.0
    3041,1780.00
    3042,34161.0
    3043,9691.00
    3044,3831.00
    3045,6236.00
    3046,6889.00
    3047,2778.00
    3048,5799.00
    3049,2497.00
    3050,3591.00
    3051,126.000
    3052,0.00000
    3053,0.00000
    3054,0.00000
    3055,0.00000
    3056,0.00000
    3057,0.00000
    3058,0.00000
    3100,0.00000
    3101,0.00000
    3102,0.00000
    3103,0.00000
    3104,0.00000
    3105,0.00000
    3106,0.00000
    3107,0.00000
    3108,7043.00
    3109,11947.0
    3110,6152.00
    3111,10477.0
    3112,17316.0
    3113,11565.0
    3114,43981.0
    3115,12366.0
    3116,14761.0
    3117,9631.00
    3118,10381.0
    3119,10582.0
    3120,12720.0
    3121,14659.0
    3122,6962.00
    3123,24733.0
    3124,11943.0
    3125,11021.0
    3126,10008.0
    3127,3811.00
    3128,2535.00
    3129,3904.00
    3130,6386.00
    3131,4653.00
    3132,15278.0
    3133,12291.0
    3134,3612.00
    3135,3038.00
    3136,7019.00
    3137,2750.00
    3138,6495.00
    3139,2203.00
    3140,7123.00
    3141,2908.00
    3142,6945.00
    3143,2925.00
    3144,4462.00
    3145,6588.00
    3146,4862.00
    3147,2713.00
    3148,47643.0
    3149,16114.0
    3150,6878.00
    3151,203.000
    3152,0.00000
    3153,0.00000
    3154,0.00000
    3155,0.00000
    3156,0.00000
    3157,0.00000
    3158,0.00000
    3200,0.00000
    3201,0.00000
    3202,0.00000
    3203,0.00000
    3204,0.00000
    3205,0.00000
    3206,0.00000
    3207,0.00000
    3208,2832.00
    3209,29892.0
    3210,5541.00
    3211,8201.00
    3212,11989.0
    3213,14365.0
    3214,5992.00
    3215,32949.0
    3216,10345.0
    3217,9165.00
    3218,6517.00
    3219,5411.00
    3220,7108.00
    3221,8926.00
    3222,2554.00
    3223,9498.00
    3224,681.000
    3225,6682.00
    3226,3562.00
    3227,5033.00
    3228,1550.00
    3229,6940.00
    3230,7722.00
    3231,2735.00
    3232,4806.00
    3233,4032.00
    3234,2625.00
    3235,2768.00
    3236,10972.0
    3237,3718.00
    3238,2628.00
    3239,1660.00
    3240,3650.00
    3241,2284.00
    3242,1186.00
    3243,2970.00
    3244,9002.00
    3245,53977.0
    3246,21234.0
    3247,10408.0
    3248,5685.00
    3249,3594.00
    3250,16079.0
    3251,3322.00
    3252,571.000
    3253,0.00000
    3254,0.00000
    3255,0.00000
    3256,0.00000
    3257,0.00000
    3258,0.00000
    3300,0.00000
    3301,0.00000
    3302,0.00000
    3303,0.00000
    3304,0.00000
    3305,0.00000
    3306,1545.00
    3307,8571.00
    3308,8157.00
    3309,21198.0
    3310,12991.0
    3311,8963.00
    3312,5811.00
    3313,20070.0
    3314,14486.0
    3315,34197.0
    3316,14244.0
    3317,2760.00
    3318,15531.0
    3319,4760.00
    3320,7815.00
    3321,36675.0
    3322,5442.00
    3323,12238.0
    3324,7064.00
    3325,33339.0
    3326,49405.0
    3327,10030.0
    3328,4096.00
    3329,6406.00
    3330,4572.00
    3331,2543.00
    3332,2771.00
    3333,2552.00
    3334,4259.00
    3335,4939.00
    3336,4538.00
    3337,16522.0
    3338,3531.00
    3339,4302.00
    3340,13716.0
    3341,2421.00
    3342,4371.00
    3343,12205.0
    3344,7811.00
    3345,140176.
    3346,60938.0
    3347,65601.0
    3348,7294.00
    3349,1208.00
    3350,2182.00
    3351,3225.00
    3352,4428.00
    3353,517.000
    3354,0.00000
    3355,0.00000
    3356,0.00000
    3357,0.00000
    3358,0.00000
    3400,0.00000
    3401,0.00000
    3402,0.00000
    3403,0.00000
    3404,0.00000
    3405,0.00000
    3406,2864.00
    3407,8396.00
    3408,9872.00
    3409,34191.0
    3410,33937.0
    3411,7267.00
    3412,17914.0
    3413,22110.0
    3414,11728.0
    3415,20054.0
    3416,7256.00
    3417,6961.00
    3418,4685.00
    3419,6316.00
    3420,20533.0
    3421,4713.00
    3422,21869.0
    3423,11753.0
    3424,23472.0
    3425,5251.00
    3426,28157.0
    3427,10376.0
    3428,9918.00
    3429,19781.0
    3430,6566.00
    3431,6528.00
    3432,2645.00
    3433,1863.00
    3434,12065.0
    3435,4857.00
    3436,6219.00
    3437,41099.0
    3438,5234.00
    3439,6301.00
    3440,20147.0
    3441,2382.00
    3442,2441.00
    3443,18238.0
    3444,111175.
    3445,424163.
    3446,920160.
    3447,363346.
    3448,52206.0
    3449,43451.0
    3450,7925.00
    3451,3651.00
    3452,7254.00
    3453,4555.00
    3454,0.00000
    3455,0.00000
    3456,0.00000
    3457,0.00000
    3458,0.00000
    3500,0.00000
    3501,0.00000
    3502,0.00000
    3503,0.00000
    3504,0.00000
    3505,0.00000
    3506,1521.00
    3507,8704.00
    3508,54517.0
    3509,6670.00
    3510,6640.00
    3511,8749.00
    3512,5535.00
    3513,22043.0
    3514,14140.0
    3515,9248.00
    3516,13023.0
    3517,16050.0
    3518,8381.00
    3519,9966.00
    3520,10945.0
    3521,14030.0
    3522,45755.0
    3523,94871.0
    3524,157354.
    3525,39700.0
    3526,43228.0
    3527,16883.0
    3528,17672.0
    3529,50163.0
    3530,68159.0
    3531,33967.0
    3532,4746.00
    3533,3003.00
    3534,2327.00
    3535,1282.00
    3536,7336.00
    3537,3204.00
    3538,6066.00
    3539,5877.00
    3540,7992.00
    3541,46902.0
    3542,6309.00
    3543,16777.0
    3544,56634.0
    3545,363606.
    3546,869090.
    3547,282427.
    3548,67834.0
    3549,6245.00
    3550,3897.00
    3551,3257.00
    3552,4441.00
    3553,5118.00
    3554,0.00000
    3555,0.00000
    3556,0.00000
    3557,0.00000
    3558,0.00000
    3600,0.00000
    3601,0.00000
    3602,0.00000
    3603,0.00000
    3604,0.00000
    3605,0.00000
    3606,0.00000
    3607,0.00000
    3608,3813.00
    3609,27901.0
    3610,18053.0
    3611,12966.0
    3612,26091.0
    3613,33738.0
    3614,37455.0
    3615,20282.0
    3616,17944.0
    3617,39425.0
    3618,12892.0
    3619,35037.0
    3620,19186.0
    3621,34110.0
    3622,44694.0
    3623,67419.0
    3624,413635.
    3625,100986.
    3626,19543.0
    3627,47901.0
    3628,24565.0
    3629,38575.0
    3630,38024.0
    3631,11733.0
    3632,9424.00
    3633,5277.00
    3634,2721.00
    3635,2346.00
    3636,3803.00
    3637,6024.00
    3638,7717.00
    3639,7361.00
    3640,7869.00
    3641,18167.0
    3642,11947.0
    3643,26984.0
    3644,151210.
    3645,66537.0
    3646,75952.0
    3647,72303.0
    3648,9552.00
    3649,6442.00
    3650,35349.0
    3651,3311.00
    3652,5702.00
    3653,50539.0
    3654,0.00000
    3655,0.00000
    3656,0.00000
    3657,0.00000
    3658,0.00000
    3700,0.00000
    3701,0.00000
    3702,0.00000
    3703,0.00000
    3704,0.00000
    3705,0.00000
    3706,0.00000
    3707,124.000
    3708,38940.0
    3709,22689.0
    3710,72878.0
    3711,31146.0
    3712,48253.0
    3713,35900.0
    3714,168157.
    3715,24101.0
    3716,23865.0
    3717,42433.0
    3718,66397.0
    3719,93760.0
    3720,49343.0
    3721,13202.0
    3722,24137.0
    3723,45741.0
    3724,40637.0
    3725,55388.0
    3726,16349.0
    3727,41118.0
    3728,71505.0
    3729,211279.
    3730,20383.0
    3731,10677.0
    3732,22319.0
    3733,4769.00
    3734,20593.0
    3735,25301.0
    3736,13721.0
    3737,23288.0
    3738,1723.00
    3739,4540.00
    3740,3398.00
    3741,2233.00
    3742,2629.00
    3743,12491.0
    3744,8684.00
    3745,18943.0
    3746,20436.0
    3747,33548.0
    3748,14613.0
    3749,9954.00
    3750,10583.0
    3751,2000.00
    3752,5821.00
    3753,7938.00
    3754,176.000
    3755,0.00000
    3756,0.00000
    3757,0.00000
    3758,0.00000
    3800,0.00000
    3801,0.00000
    3802,0.00000
    3803,0.00000
    3804,0.00000
    3805,0.00000
    3806,109.000
    3807,4203.00
    3808,32317.0
    3809,16658.0
    3810,37381.0
    3811,58630.0
    3812,7018.00
    3813,38784.0
    3814,38515.0
    3815,26724.0
    3816,32768.0
    3817,90486.0
    3818,91981.0
    3819,32646.0
    3820,26911.0
    3821,21723.0
    3822,41243.0
    3823,13621.0
    3824,31135.0
    3825,94299.0
    3826,21102.0
    3827,36009.0
    3828,49422.0
    3829,66692.0
    3830,13557.0
    3831,16913.0
    3832,10715.0
    3833,9651.00
    3834,9615.00
    3835,173288.
    3836,34804.0
    3837,7119.00
    3838,4591.00
    3839,871.000
    3840,2704.00
    3841,7022.00
    3842,5211.00
    3843,3554.00
    3844,4312.00
    3845,4351.00
    3846,11816.0
    3847,6461.00
    3848,4644.00
    3849,1305.00
    3850,2371.00
    3851,10521.0
    3852,2658.00
    3853,15891.0
    3854,5294.00
    3855,0.00000
    3856,0.00000
    3857,0.00000
    3858,0.00000
    3900,0.00000
    3901,0.00000
    3902,0.00000
    3903,0.00000
    3904,0.00000
    3905,0.00000
    3906,15853.0
    3907,23520.0
    3908,27411.0
    3909,16731.0
    3910,29074.0
    3911,30046.0
    3912,9967.00
    3913,14408.0
    3914,32912.0
    3915,18968.0
    3916,67320.0
    3917,226919.
    3918,74577.0
    3919,39883.0
    3920,20535.0
    3921,11103.0
    3922,41996.0
    3923,13655.0
    3924,22299.0
    3925,11285.0
    3926,19534.0
    3927,16909.0
    3928,33327.0
    3929,15091.0
    3930,5894.00
    3931,5885.00
    3932,8742.00
    3933,17977.0
    3934,7302.00
    3935,33403.0
    3936,37592.0
    3937,6322.00
    3938,2823.00
    3939,2897.00
    3940,1212.00
    3941,1424.00
    3942,4377.00
    3943,7345.00
    3944,13829.0
    3945,17644.0
    3946,1963.00
    3947,3493.00
    3948,2268.00
    3949,3789.00
    3950,2993.00
    3951,3463.00
    3952,1355.00
    3953,4969.00
    3954,2166.00
    3955,0.00000
    3956,0.00000
    3957,0.00000
    3958,0.00000
    4000,0.00000
    4001,0.00000
    4002,111.000
    4003,0.00000
    4004,0.00000
    4005,76.0000
    4006,7904.00
    4007,30220.0
    4008,24040.0
    4009,35433.0
    4010,32007.0
    4011,244265.
    4012,83120.0
    4013,31934.0
    4014,25091.0
    4015,28675.0
    4016,87848.0
    4017,122419.
    4018,75580.0
    4019,57456.0
    4020,16035.0
    4021,31015.0
    4022,7160.00
    4023,15889.0
    4024,17310.0
    4025,22772.0
    4026,10851.0
    4027,9324.00
    4028,44851.0
    4029,18100.0
    4030,13555.0
    4031,9156.00
    4032,13035.0
    4033,6209.00
    4034,12432.0
    4035,11282.0
    4036,22569.0
    4037,8837.00
    4038,16994.0
    4039,4927.00
    4040,2202.00
    4041,4722.00
    4042,6026.00
    4043,2769.00
    4044,9591.00
    4045,2213.00
    4046,1561.00
    4047,3432.00
    4048,2140.00
    4049,16226.0
    4050,3528.00
    4051,1597.00
    4052,675.000
    4053,2232.00
    4054,14344.0
    4055,0.00000
    4056,0.00000
    4057,0.00000
    4058,0.00000
    4100,0.00000
    4101,1009.00
    4102,8545.00
    4103,26102.0
    4104,15822.0
    4105,79532.0
    4106,27478.0
    4107,44736.0
    4108,18575.0
    4109,46690.0
    4110,27507.0
    4111,34377.0
    4112,14279.0
    4113,15587.0
    4114,34206.0
    4115,62902.0
    4116,72342.0
    4117,39474.0
    4118,11006.0
    4119,25616.0
    4120,22677.0
    4121,10147.0
    4122,23380.0
    4123,15458.0
    4124,10790.0
    4125,18092.0
    4126,11632.0
    4127,23383.0
    4128,14935.0
    4129,23464.0
    4130,47878.0
    4131,16233.0
    4132,29634.0
    4133,10937.0
    4134,4259.00
    4135,33096.0
    4136,19105.0
    4137,4823.00
    4138,14572.0
    4139,82725.0
    4140,11274.0
    4141,31471.0
    4142,20204.0
    4143,4046.00
    4144,2854.00
    4145,3402.00
    4146,6503.00
    4147,3453.00
    4148,7906.00
    4149,12130.0
    4150,8049.00
    4151,6355.00
    4152,12800.0
    4153,2982.00
    4154,217.000
    4155,0.00000
    4156,0.00000
    4157,0.00000
    4158,0.00000
    4200,0.00000
    4201,397.000
    4202,49494.0
    4203,33194.0
    4204,22455.0
    4205,25179.0
    4206,4657.00
    4207,17611.0
    4208,23139.0
    4209,26243.0
    4210,40838.0
    4211,15488.0
    4212,36626.0
    4213,66320.0
    4214,35786.0
    4215,17586.0
    4216,26847.0
    4217,39723.0
    4218,158416.
    4219,14198.0
    4220,20528.0
    4221,17476.0
    4222,22180.0
    4223,3694.00
    4224,5915.00
    4225,13793.0
    4226,17960.0
    4227,26720.0
    4228,4510.00
    4229,5334.00
    4230,3020.00
    4231,16561.0
    4232,51768.0
    4233,16620.0
    4234,36180.0
    4235,9982.00
    4236,40428.0
    4237,22781.0
    4238,11439.0
    4239,10303.0
    4240,16093.0
    4241,5649.00
    4242,4611.00
    4243,9486.00
    4244,5243.00
    4245,3360.00
    4246,4597.00
    4247,1812.00
    4248,2924.00
    4249,8768.00
    4250,7733.00
    4251,42135.0
    4252,78260.0
    4253,18111.0
    4254,3437.00
    4255,0.00000
    4256,0.00000
    4257,0.00000
    4258,0.00000
    4300,0.00000
    4301,0.00000
    4302,19294.0
    4303,36676.0
    4304,35335.0
    4305,78251.0
    4306,18178.0
    4307,72221.0
    4308,134880.
    4309,125323.
    4310,87388.0
    4311,105518.
    4312,123754.
    4313,62421.0
    4314,12010.0
    4315,20713.0
    4316,58186.0
    4317,33705.0
    4318,20834.0
    4319,8171.00
    4320,6053.00
    4321,7248.00
    4322,18458.0
    4323,16264.0
    4324,9085.00
    4325,28793.0
    4326,19519.0
    4327,19904.0
    4328,24675.0
    4329,2743.00
    4330,6907.00
    4331,5747.00
    4332,6799.00
    4333,2495.00
    4334,7686.00
    4335,26592.0
    4336,7419.00
    4337,12717.0
    4338,13749.0
    4339,45447.0
    4340,15198.0
    4341,5527.00
    4342,6455.00
    4343,8999.00
    4344,1535.00
    4345,7131.00
    4346,3902.00
    4347,11796.0
    4348,19835.0
    4349,1894.00
    4350,5577.00
    4351,7272.00
    4352,6065.00
    4353,10715.0
    4354,597.000
    4355,0.00000
    4356,0.00000
    4357,0.00000
    4358,0.00000
    4400,0.00000
    4401,0.00000
    4402,119.000
    4403,44954.0
    4404,27817.0
    4405,52628.0
    4406,213982.
    4407,200146.
    4408,366253.
    4409,309726.
    4410,323561.
    4411,193837.
    4412,91686.0
    4413,32338.0
    4414,54337.0
    4415,19901.0
    4416,8482.00
    4417,20125.0
    4418,10794.0
    4419,6018.00
    4420,10432.0
    4421,11828.0
    4422,5585.00
    4423,3492.00
    4424,9292.00
    4425,157642.
    4426,9511.00
    4427,22284.0
    4428,7184.00
    4429,10272.0
    4430,35846.0
    4431,5959.00
    4432,3877.00
    4433,5521.00
    4434,10196.0
    4435,32932.0
    4436,9117.00
    4437,54164.0
    4438,15810.0
    4439,19180.0
    4440,18613.0
    4441,13632.0
    4442,4349.00
    4443,20092.0
    4444,12601.0
    4445,11372.0
    4446,11995.0
    4447,4084.00
    4448,10111.0
    4449,20713.0
    4450,18361.0
    4451,5674.00
    4452,25208.0
    4453,19277.0
    4454,7477.00
    4455,0.00000
    4456,0.00000
    4457,0.00000
    4458,0.00000
    4500,0.00000
    4501,0.00000
    4502,0.00000
    4503,19841.0
    4504,32073.0
    4505,143272.
    4506,302037.
    4507,360687.
    4508,406925.
    4509,303084.
    4510,206188.
    4511,166567.
    4512,72658.0
    4513,62057.0
    4514,29437.0
    4515,10284.0
    4516,20880.0
    4517,9693.00
    4518,9182.00
    4519,17135.0
    4520,12446.0
    4521,9443.00
    4522,28215.0
    4523,17577.0
    4524,15926.0
    4525,15272.0
    4526,7286.00
    4527,11832.0
    4528,17028.0
    4529,14444.0
    4530,25799.0
    4531,10213.0
    4532,8548.00
    4533,22340.0
    4534,11458.0
    4535,6214.00
    4536,19558.0
    4537,214467.
    4538,35780.0
    4539,8153.00
    4540,12405.0
    4541,21606.0
    4542,14341.0
    4543,6433.00
    4544,4813.00
    4545,5539.00
    4546,12744.0
    4547,17188.0
    4548,12169.0
    4549,14327.0
    4550,16481.0
    4551,36091.0
    4552,2338.00
    4553,11386.0
    4554,1957.00
    4555,1017.00
    4556,0.00000
    4557,0.00000
    4558,0.00000
    4600,0.00000
    4601,0.00000
    4602,0.00000
    4603,33932.0
    4604,62787.0
    4605,234896.
    4606,122818.
    4607,90910.0
    4608,146597.
    4609,67750.0
    4610,198849.
    4611,100126.
    4612,97823.0
    4613,23306.0
    4614,36247.0
    4615,24010.0
    4616,22249.0
    4617,21213.0
    4618,6265.00
    4619,10233.0
    4620,12276.0
    4621,24281.0
    4622,114233.
    4623,88359.0
    4624,10329.0
    4625,16280.0
    4626,29313.0
    4627,20801.0
    4628,13639.0
    4629,4085.00
    4630,4308.00
    4631,22977.0
    4632,13281.0
    4633,15572.0
    4634,7364.00
    4635,14002.0
    4636,7195.00
    4637,35568.0
    4638,31279.0
    4639,122817.
    4640,365596.
    4641,40385.0
    4642,30501.0
    4643,6462.00
    4644,14624.0
    4645,42533.0
    4646,14226.0
    4647,5372.00
    4648,9203.00
    4649,4393.00
    4650,9593.00
    4651,8995.00
    4652,7247.00
    4653,3700.00
    4654,7476.00
    4655,6463.00
    4656,402.000
    4657,0.00000
    4658,0.00000
    4700,0.00000
    4701,0.00000
    4702,6456.00
    4703,71363.0
    4704,164232.
    4705,122746.
    4706,450924.
    4707,161344.
    4708,198699.
    4709,274669.
    4710,38668.0
    4711,95838.0
    4712,43820.0
    4713,33701.0
    4714,5051.00
    4715,9299.00
    4716,5919.00
    4717,9262.00
    4718,6125.00
    4719,31287.0
    4720,5573.00
    4721,18468.0
    4722,93319.0
    4723,53306.0
    4724,20442.0
    4725,13181.0
    4726,6999.00
    4727,10385.0
    4728,38360.0
    4729,8996.00
    4730,7994.00
    4731,11477.0
    4732,10373.0
    4733,8002.00
    4734,8334.00
    4735,10059.0
    4736,8779.00
    4737,30946.0
    4738,19658.0
    4739,17698.0
    4740,63483.0
    4741,20728.0
    4742,29857.0
    4743,9615.00
    4744,18019.0
    4745,15590.0
    4746,7681.00
    4747,19521.0
    4748,11657.0
    4749,9354.00
    4750,16950.0
    4751,9177.00
    4752,10213.0
    4753,6734.00
    4754,8109.00
    4755,12490.0
    4756,2056.00
    4757,0.00000
    4758,0.00000
    4800,0.00000
    4801,0.00000
    4802,11351.0
    4803,42251.0
    4804,197374.
    4805,68238.0
    4806,167624.
    4807,225737.
    4808,211321.
    4809,128023.
    4810,35755.0
    4811,30096.0
    4812,12283.0
    4813,31000.0
    4814,25568.0
    4815,22874.0
    4816,6801.00
    4817,9611.00
    4818,10178.0
    4819,3733.00
    4820,16272.0
    4821,17706.0
    4822,19100.0
    4823,14496.0
    4824,12517.0
    4825,7966.00
    4826,17472.0
    4827,11152.0
    4828,10050.0
    4829,30608.0
    4830,5261.00
    4831,11982.0
    4832,12356.0
    4833,13397.0
    4834,11150.0
    4835,6801.00
    4836,25570.0
    4837,30481.0
    4838,20975.0
    4839,17747.0
    4840,20436.0
    4841,29294.0
    4842,14654.0
    4843,17515.0
    4844,30598.0
    4845,10370.0
    4846,31721.0
    4847,60059.0
    4848,60738.0
    4849,32788.0
    4850,21736.0
    4851,17836.0
    4852,61803.0
    4853,9188.00
    4854,15388.0
    4855,55853.0
    4856,2903.00
    4857,0.00000
    4858,0.00000
    4900,0.00000
    4901,11219.0
    4902,53816.0
    4903,78519.0
    4904,24253.0
    4905,51716.0
    4906,52850.0
    4907,152446.
    4908,172856.
    4909,28089.0
    4910,30967.0
    4911,60551.0
    4912,24965.0
    4913,23589.0
    4914,17663.0
    4915,6702.00
    4916,13798.0
    4917,9169.00
    4918,23495.0
    4919,9339.00
    4920,5274.00
    4921,16054.0
    4922,17170.0
    4923,8343.00
    4924,7957.00
    4925,15139.0
    4926,4307.00
    4927,10958.0
    4928,7917.00
    4929,5890.00
    4930,9633.00
    4931,15853.0
    4932,53952.0
    4933,18006.0
    4934,11978.0
    4935,33523.0
    4936,11737.0
    4937,8478.00
    4938,35473.0
    4939,25249.0
    4940,31640.0
    4941,14363.0
    4942,18121.0
    4943,17670.0
    4944,10789.0
    4945,15283.0
    4946,8431.00
    4947,42599.0
    4948,462380.
    4949,77150.0
    4950,12620.0
    4951,11552.0
    4952,23971.0
    4953,20934.0
    4954,20337.0
    4955,8315.00
    4956,0.00000
    4957,0.00000
    4958,0.00000
    5000,0.00000
    5001,2385.00
    5002,55120.0
    5003,50785.0
    5004,31434.0
    5005,62011.0
    5006,140262.
    5007,526893.
    5008,287463.
    5009,73659.0
    5010,24340.0
    5011,52603.0
    5012,18274.0
    5013,46473.0
    5014,60865.0
    5015,9700.00
    5016,19353.0
    5017,11259.0
    5018,14970.0
    5019,7037.00
    5020,7687.00
    5021,27132.0
    5022,9813.00
    5023,4020.00
    5024,20746.0
    5025,7076.00
    5026,14487.0
    5027,34051.0
    5028,28080.0
    5029,9093.00
    5030,44272.0
    5031,22567.0
    5032,153021.
    5033,50786.0
    5034,27558.0
    5035,76321.0
    5036,9945.00
    5037,27081.0
    5038,24713.0
    5039,10959.0
    5040,39272.0
    5041,7875.00
    5042,17942.0
    5043,28388.0
    5044,28574.0
    5045,22383.0
    5046,37777.0
    5047,26688.0
    5048,41079.0
    5049,67917.0
    5050,16134.0
    5051,14492.0
    5052,1420.00
    5053,16776.0
    5054,30558.0
    5055,4296.00
    5056,0.00000
    5057,0.00000
    5058,0.00000
    5100,0.00000
    5101,220.000
    5102,118694.
    5103,114022.
    5104,83461.0
    5105,43880.0
    5106,79010.0
    5107,166467.
    5108,186099.
    5109,100631.
    5110,32393.0
    5111,26841.0
    5112,18399.0
    5113,47257.0
    5114,83906.0
    5115,13672.0
    5116,24172.0
    5117,15017.0
    5118,69613.0
    5119,21518.0
    5120,24253.0
    5121,10417.0
    5122,10688.0
    5123,7707.00
    5124,33843.0
    5125,11936.0
    5126,19820.0
    5127,17731.0
    5128,20661.0
    5129,22604.0
    5130,16073.0
    5131,29374.0
    5132,5220.00
    5133,11434.0
    5134,4616.00
    5135,38383.0
    5136,11606.0
    5137,11952.0
    5138,95749.0
    5139,15284.0
    5140,54631.0
    5141,37842.0
    5142,63834.0
    5143,205335.
    5144,33650.0
    5145,21282.0
    5146,15162.0
    5147,6767.00
    5148,14436.0
    5149,8929.00
    5150,4254.00
    5151,1264.00
    5152,0.00000
    5153,2181.00
    5154,23088.0
    5155,568.000
    5156,0.00000
    5157,0.00000
    5158,0.00000
    5200,0.00000
    5201,251.000
    5202,211650.
    5203,88170.0
    5204,41850.0
    5205,27642.0
    5206,24139.0
    5207,52002.0
    5208,288858.
    5209,147835.
    5210,34222.0
    5211,21791.0
    5212,34627.0
    5213,49782.0
    5214,30194.0
    5215,45225.0
    5216,22388.0
    5217,19961.0
    5218,40817.0
    5219,15743.0
    5220,6805.00
    5221,13861.0
    5222,5397.00
    5223,5610.00
    5224,10019.0
    5225,6391.00
    5226,8662.00
    5227,8231.00
    5228,28099.0
    5229,13466.0
    5230,8712.00
    5231,19632.0
    5232,12508.0
    5233,15136.0
    5234,12803.0
    5235,15120.0
    5236,11614.0
    5237,10061.0
    5238,16815.0
    5239,10142.0
    5240,69844.0
    5241,53683.0
    5242,56572.0
    5243,67824.0
    5244,28285.0
    5245,14290.0
    5246,7429.00
    5247,3697.00
    5248,6321.00
    5249,1440.00
    5250,0.00000
    5251,0.00000
    5252,0.00000
    5253,0.00000
    5254,0.00000
    5255,0.00000
    5256,0.00000
    5257,0.00000
    5258,0.00000
    5300,0.00000
    5301,0.00000
    5302,323.000
    5303,19109.0
    5304,15711.0
    5305,18803.0
    5306,61139.0
    5307,46970.0
    5308,78645.0
    5309,99789.0
    5310,24359.0
    5311,20662.0
    5312,15802.0
    5313,25551.0
    5314,18329.0
    5315,29039.0
    5316,25732.0
    5317,23432.0
    5318,64357.0
    5319,19015.0
    5320,9429.00
    5321,5570.00
    5322,21767.0
    5323,8815.00
    5324,22426.0
    5325,5549.00
    5326,8983.00
    5327,5312.00
    5328,11607.0
    5329,17422.0
    5330,39758.0
    5331,29448.0
    5332,13572.0
    5333,12879.0
    5334,38787.0
    5335,11433.0
    5336,4216.00
    5337,14278.0
    5338,12362.0
    5339,55072.0
    5340,40258.0
    5341,40647.0
    5342,31782.0
    5343,21202.0
    5344,26082.0
    5345,15277.0
    5346,10833.0
    5347,117.000
    5348,0.00000
    5349,0.00000
    5350,0.00000
    5351,0.00000
    5352,0.00000
    5353,0.00000
    5354,0.00000
    5355,0.00000
    5356,0.00000
    5357,0.00000
    5358,0.00000
    5400,0.00000
    5401,0.00000
    5402,0.00000
    5403,15302.0
    5404,12045.0
    5405,29125.0
    5406,17189.0
    5407,8808.00
    5408,31427.0
    5409,55571.0
    5410,20273.0
    5411,26219.0
    5412,23258.0
    5413,24209.0
    5414,27573.0
    5415,21411.0
    5416,53194.0
    5417,70168.0
    5418,75137.0
    5419,24405.0
    5420,11016.0
    5421,5198.00
    5422,12046.0
    5423,27851.0
    5424,84649.0
    5425,7223.00
    5426,9211.00
    5427,5609.00
    5428,25918.0
    5429,7928.00
    5430,12108.0
    5431,9006.00
    5432,12397.0
    5433,9471.00
    5434,5977.00
    5435,4724.00
    5436,11352.0
    5437,7351.00
    5438,43644.0
    5439,18146.0
    5440,35203.0
    5441,25348.0
    5442,63959.0
    5443,23011.0
    5444,28548.0
    5445,2525.00
    5446,0.00000
    5447,0.00000
    5448,0.00000
    5449,0.00000
    5450,0.00000
    5451,0.00000
    5452,0.00000
    5453,0.00000
    5454,0.00000
    5455,0.00000
    5456,0.00000
    5457,0.00000
    5458,0.00000
    5500,0.00000
    5501,0.00000
    5502,0.00000
    5503,0.00000
    5504,6582.00
    5505,10624.0
    5506,7826.00
    5507,6414.00
    5508,5909.00
    5509,14458.0
    5510,77937.0
    5511,59001.0
    5512,37770.0
    5513,29866.0
    5514,36655.0
    5515,22953.0
    5516,13502.0
    5517,15443.0
    5518,34674.0
    5519,19916.0
    5520,18105.0
    5521,6239.00
    5522,7605.00
    5523,18414.0
    5524,16413.0
    5525,6436.00
    5526,3518.00
    5527,13009.0
    5528,5936.00
    5529,4956.00
    5530,9776.00
    5531,10583.0
    5532,10132.0
    5533,9556.00
    5534,7769.00
    5535,10813.0
    5536,8244.00
    5537,6509.00
    5538,27804.0
    5539,24171.0
    5540,17977.0
    5541,5911.00
    5542,9621.00
    5543,3266.00
    5544,1442.00
    5545,0.00000
    5546,0.00000
    5547,0.00000
    5548,0.00000
    5549,0.00000
    5550,0.00000
    5551,0.00000
    5552,0.00000
    5553,0.00000
    5554,0.00000
    5555,0.00000
    5556,0.00000
    5557,0.00000
    5558,0.00000
    5600,0.00000
    5601,0.00000
    5602,0.00000
    5603,81.0000
    5604,3699.00
    5605,10338.0
    5606,5731.00
    5607,7703.00
    5608,8587.00
    5609,29982.0
    5610,32456.0
    5611,141918.
    5612,31772.0
    5613,16700.0
    5614,59095.0
    5615,31267.0
    5616,13078.0
    5617,21634.0
    5618,66189.0
    5619,27935.0
    5620,20723.0
    5621,14586.0
    5622,14220.0
    5623,14473.0
    5624,10291.0
    5625,6318.00
    5626,5761.00
    5627,34519.0
    5628,8560.00
    5629,6180.00
    5630,6829.00
    5631,7821.00
    5632,26193.0
    5633,34262.0
    5634,6835.00
    5635,7988.00
    5636,14566.0
    5637,31810.0
    5638,6298.00
    5639,12315.0
    5640,14065.0
    5641,681.000
    5642,0.00000
    5643,0.00000
    5644,0.00000
    5645,0.00000
    5646,0.00000
    5647,0.00000
    5648,0.00000
    5649,0.00000
    5650,0.00000
    5651,0.00000
    5652,0.00000
    5653,0.00000
    5654,0.00000
    5655,0.00000
    5656,0.00000
    5657,0.00000
    5658,0.00000
    5700,0.00000
    5701,0.00000
    5702,0.00000
    5703,3388.00
    5704,6491.00
    5705,9573.00
    5706,12301.0
    5707,10400.0
    5708,11749.0
    5709,19293.0
    5710,15295.0
    5711,33538.0
    5712,9430.00
    5713,14451.0
    5714,15834.0
    5715,48868.0
    5716,23131.0
    5717,99236.0
    5718,63694.0
    5719,43753.0
    5720,32097.0
    5721,20295.0
    5722,21854.0
    5723,5451.00
    5724,6291.00
    5725,8749.00
    5726,23491.0
    5727,12257.0
    5728,6362.00
    5729,4679.00
    5730,5447.00
    5731,64098.0
    5732,31854.0
    5733,25895.0
    5734,19494.0
    5735,8527.00
    5736,10573.0
    5737,26908.0
    5738,10679.0
    5739,5615.00
    5740,1261.00
    5741,0.00000
    5742,0.00000
    5743,0.00000
    5744,0.00000
    5745,0.00000
    5746,0.00000
    5747,0.00000
    5748,0.00000
    5749,0.00000
    5750,0.00000
    5751,0.00000
    5752,0.00000
    5753,0.00000
    5754,0.00000
    5755,0.00000
    5756,0.00000
    5757,0.00000
    5758,0.00000
    5800,0.00000
    5801,0.00000
    5802,99.0000
    5803,3088.00
    5804,7177.00
    5805,6006.00
    5806,9461.00
    5807,8748.00
    5808,10614.0
    5809,14576.0
    5810,7438.00
    5811,16688.0
    5812,15842.0
    5813,8999.00
    5814,31925.0
    5815,38759.0
    5816,84992.0
    5817,328607.
    5818,359589.
    5819,136038.
    5820,61466.0
    5821,24894.0
    5822,6757.00
    5823,7199.00
    5824,2860.00
    5825,16520.0
    5826,22728.0
    5827,7986.00
    5828,7956.00
    5829,8447.00
    5830,6113.00
    5831,9866.00
    5832,31496.0
    5833,26723.0
    5834,17987.0
    5835,13660.0
    5836,12129.0
    5837,7021.00
    5838,20783.0
    5839,1366.00
    5840,11.0000
    5841,0.00000
    5842,0.00000
    5843,0.00000
    5844,0.00000
    5845,0.00000
    5846,0.00000
    5847,0.00000
    5848,0.00000
    5849,0.00000
    5850,0.00000
    5851,0.00000
    5852,0.00000
    5853,0.00000
    5854,0.00000
    5855,0.00000
    5856,0.00000
    5857,0.00000
    5858,0.00000
    5900,0.00000
    5901,0.00000
    5902,952.000
    5903,5883.00
    5904,6340.00
    5905,7718.00
    5906,5946.00
    5907,5773.00
    5908,13692.0
    5909,11788.0
    5910,8121.00
    5911,7369.00
    5912,14748.0
    5913,7021.00
    5914,37649.0
    5915,284402.
    5916,114161.
    5917,139125.
    5918,279807.
    5919,127344.
    5920,55062.0
    5921,37912.0
    5922,8500.00
    5923,12667.0
    5924,15313.0
    5925,4551.00
    5926,17602.0
    5927,92886.0
    5928,11175.0
    5929,23272.0
    5930,10703.0
    5931,13521.0
    5932,5414.00
    5933,5795.00
    5934,20344.0
    5935,17414.0
    5936,11326.0
    5937,8741.00
    5938,25023.0
    5939,7659.00
    5940,374.000
    5941,0.00000
    5942,0.00000
    5943,0.00000
    5944,0.00000
    5945,0.00000
    5946,0.00000
    5947,0.00000
    5948,0.00000
    5949,0.00000
    5950,0.00000
    5951,0.00000
    5952,0.00000
    5953,0.00000
    5954,0.00000
    5955,0.00000
    5956,0.00000
    5957,0.00000
    5958,0.00000
    6000,0.00000
    6001,0.00000
    6002,58.0000
    6003,4846.00
    6004,9296.00
    6005,22975.0
    6006,9189.00
    6007,25651.0
    6008,23868.0
    6009,10324.0
    6010,10634.0
    6011,12409.0
    6012,12714.0
    6013,56066.0
    6014,67038.0
    6015,169419.
    6016,131481.
    6017,87721.0
    6018,80418.0
    6019,53908.0
    6020,97691.0
    6021,56655.0
    6022,3522.00
    6023,14314.0
    6024,19882.0
    6025,9456.00
    6026,13070.0
    6027,21741.0
    6028,9461.00
    6029,15370.0
    6030,21594.0
    6031,53368.0
    6032,10220.0
    6033,8363.00
    6034,5873.00
    6035,93224.0
    6036,11907.0
    6037,9509.00
    6038,12344.0
    6039,15762.0
    6040,2029.00
    6041,495.000
    6042,0.00000
    6043,0.00000
    6044,0.00000
    6045,0.00000
    6046,0.00000
    6047,0.00000
    6048,0.00000
    6049,0.00000
    6050,0.00000
    6051,0.00000
    6052,0.00000
    6053,0.00000
    6054,0.00000
    6055,0.00000
    6056,0.00000
    6057,0.00000
    6058,0.00000
    6100,0.00000
    6101,0.00000
    6102,0.00000
    6103,1395.00
    6104,10449.0
    6105,11246.0
    6106,26980.0
    6107,13251.0
    6108,12330.0
    6109,6750.00
    6110,10278.0
    6111,5945.00
    6112,25266.0
    6113,68231.0
    6114,34972.0
    6115,35009.0
    6116,35003.0
    6117,161312.
    6118,91844.0
    6119,47297.0
    6120,36322.0
    6121,31859.0
    6122,4249.00
    6123,22328.0
    6124,16123.0
    6125,66438.0
    6126,18626.0
    6127,18425.0
    6128,11475.0
    6129,6285.00
    6130,14407.0
    6131,78915.0
    6132,10536.0
    6133,7259.00
    6134,6615.00
    6135,15045.0
    6136,7002.00
    6137,12042.0
    6138,7129.00
    6139,4541.00
    6140,11618.0
    6141,21.0000
    6142,0.00000
    6143,0.00000
    6144,0.00000
    6145,0.00000
    6146,0.00000
    6147,0.00000
    6148,0.00000
    6149,0.00000
    6150,0.00000
    6151,0.00000
    6152,0.00000
    6153,0.00000
    6154,0.00000
    6155,0.00000
    6156,0.00000
    6157,0.00000
    6158,0.00000
    6200,0.00000
    6201,0.00000
    6202,0.00000
    6203,0.00000
    6204,0.00000
    6205,83962.0
    6206,46318.0
    6207,8002.00
    6208,6173.00
    6209,21885.0
    6210,23200.0
    6211,15225.0
    6212,17816.0
    6213,13053.0
    6214,32783.0
    6215,19627.0
    6216,37902.0
    6217,56879.0
    6218,25894.0
    6219,26533.0
    6220,22216.0
    6221,34671.0
    6222,16145.0
    6223,25969.0
    6224,12735.0
    6225,113964.
    6226,28163.0
    6227,27186.0
    6228,7640.00
    6229,9065.00
    6230,14304.0
    6231,16816.0
    6232,39977.0
    6233,15313.0
    6234,10636.0
    6235,10585.0
    6236,5576.00
    6237,13046.0
    6238,11910.0
    6239,17716.0
    6240,2800.00
    6241,0.00000
    6242,0.00000
    6243,0.00000
    6244,0.00000
    6245,0.00000
    6246,0.00000
    6247,0.00000
    6248,0.00000
    6249,0.00000
    6250,0.00000
    6251,0.00000
    6252,0.00000
    6253,0.00000
    6254,0.00000
    6255,0.00000
    6256,0.00000
    6257,0.00000
    6258,0.00000
    6300,0.00000
    6301,0.00000
    6302,0.00000
    6303,0.00000
    6304,5196.00
    6305,30998.0
    6306,12917.0
    6307,13749.0
    6308,7913.00
    6309,19635.0
    6310,12763.0
    6311,11425.0
    6312,10813.0
    6313,5882.00
    6314,24677.0
    6315,34434.0
    6316,111096.
    6317,80795.0
    6318,32772.0
    6319,17467.0
    6320,19400.0
    6321,17015.0
    6322,7782.00
    6323,12945.0
    6324,15422.0
    6325,8394.00
    6326,22854.0
    6327,8510.00
    6328,9112.00
    6329,6695.00
    6330,15383.0
    6331,27666.0
    6332,52505.0
    6333,16799.0
    6334,7647.00
    6335,8255.00
    6336,5870.00
    6337,4006.00
    6338,31729.0
    6339,25297.0
    6340,11597.0
    6341,1783.00
    6342,0.00000
    6343,0.00000
    6344,0.00000
    6345,0.00000
    6346,0.00000
    6347,0.00000
    6348,0.00000
    6349,0.00000
    6350,0.00000
    6351,0.00000
    6352,0.00000
    6353,0.00000
    6354,0.00000
    6355,0.00000
    6356,0.00000
    6357,0.00000
    6358,0.00000
    6400,0.00000
    6401,0.00000
    6402,0.00000
    6403,0.00000
    6404,7322.00
    6405,14749.0
    6406,16717.0
    6407,16227.0
    6408,14676.0
    6409,18951.0
    6410,19401.0
    6411,12628.0
    6412,11092.0
    6413,15223.0
    6414,38097.0
    6415,44762.0
    6416,193044.
    6417,147386.
    6418,51158.0
    6419,13213.0
    6420,3175.00
    6421,10429.0
    6422,22823.0
    6423,6023.00
    6424,16811.0
    6425,6194.00
    6426,5866.00
    6427,9175.00
    6428,13288.0
    6429,22427.0
    6430,14075.0
    6431,88540.0
    6432,72966.0
    6433,42274.0
    6434,29972.0
    6435,9769.00
    6436,12837.0
    6437,8070.00
    6438,12810.0
    6439,6150.00
    6440,5875.00
    6441,5059.00
    6442,0.00000
    6443,0.00000
    6444,0.00000
    6445,0.00000
    6446,0.00000
    6447,0.00000
    6448,0.00000
    6449,0.00000
    6450,0.00000
    6451,0.00000
    6452,0.00000
    6453,0.00000
    6454,0.00000
    6455,0.00000
    6456,0.00000
    6457,0.00000
    6458,0.00000
    6500,0.00000
    6501,0.00000
    6502,0.00000
    6503,0.00000
    6504,3512.00
    6505,30095.0
    6506,20682.0
    6507,44555.0
    6508,34289.0
    6509,34042.0
    6510,22506.0
    6511,41355.0
    6512,110198.
    6513,19196.0
    6514,11107.0
    6515,64562.0
    6516,277435.
    6517,146370.
    6518,123917.
    6519,19549.0
    6520,13763.0
    6521,14753.0
    6522,17969.0
    6523,8696.00
    6524,22317.0
    6525,10875.0
    6526,6634.00
    6527,6673.00
    6528,10730.0
    6529,9910.00
    6530,27563.0
    6531,143296.
    6532,450188.
    6533,46160.0
    6534,16565.0
    6535,7039.00
    6536,16444.0
    6537,48136.0
    6538,6235.00
    6539,11343.0
    6540,10504.0
    6541,4809.00
    6542,366.000
    6543,0.00000
    6544,0.00000
    6545,0.00000
    6546,0.00000
    6547,0.00000
    6548,0.00000
    6549,0.00000
    6550,0.00000
    6551,0.00000
    6552,0.00000
    6553,0.00000
    6554,0.00000
    6555,0.00000
    6556,0.00000
    6557,0.00000
    6558,0.00000
    6600,0.00000
    6601,0.00000
    6602,0.00000
    6603,0.00000
    6604,0.00000
    6605,7891.00
    6606,96574.0
    6607,42852.0
    6608,95671.0
    6609,68256.0
    6610,50936.0
    6611,19404.0
    6612,10871.0
    6613,3658.00
    6614,39520.0
    6615,48702.0
    6616,93520.0
    6617,115356.
    6618,126396.
    6619,29703.0
    6620,38147.0
    6621,16386.0
    6622,11706.0
    6623,11618.0
    6624,8389.00
    6625,11208.0
    6626,4273.00
    6627,12722.0
    6628,5960.00
    6629,37664.0
    6630,22104.0
    6631,12122.0
    6632,98539.0
    6633,40076.0
    6634,21577.0
    6635,4678.00
    6636,3435.00
    6637,6170.00
    6638,24902.0
    6639,7038.00
    6640,7630.00
    6641,6920.00
    6642,8998.00
    6643,8065.00
    6644,104.000
    6645,0.00000
    6646,0.00000
    6647,0.00000
    6648,0.00000
    6649,0.00000
    6650,0.00000
    6651,0.00000
    6652,0.00000
    6653,0.00000
    6654,0.00000
    6655,0.00000
    6656,0.00000
    6657,0.00000
    6658,0.00000
    6700,0.00000
    6701,0.00000
    6702,0.00000
    6703,0.00000
    6704,0.00000
    6705,1155.00
    6706,63265.0
    6707,109370.
    6708,128493.
    6709,34513.0
    6710,46865.0
    6711,40113.0
    6712,11579.0
    6713,6580.00
    6714,44127.0
    6715,23591.0
    6716,60192.0
    6717,56957.0
    6718,73730.0
    6719,40555.0
    6720,27712.0
    6721,65749.0
    6722,17604.0
    6723,20934.0
    6724,21865.0
    6725,12783.0
    6726,12348.0
    6727,8303.00
    6728,9300.00
    6729,31844.0
    6730,17139.0
    6731,12148.0
    6732,25361.0
    6733,13192.0
    6734,45205.0
    6735,7177.00
    6736,2516.00
    6737,4400.00
    6738,19259.0
    6739,16150.0
    6740,3707.00
    6741,13331.0
    6742,19609.0
    6743,10882.0
    6744,3597.00
    6745,0.00000
    6746,0.00000
    6747,0.00000
    6748,0.00000
    6749,0.00000
    6750,0.00000
    6751,0.00000
    6752,0.00000
    6753,0.00000
    6754,0.00000
    6755,0.00000
    6756,0.00000
    6757,0.00000
    6758,0.00000
    6800,0.00000
    6801,0.00000
    6802,0.00000
    6803,0.00000
    6804,0.00000
    6805,0.00000
    6806,5636.00
    6807,2474.00
    6808,24923.0
    6809,12492.0
    6810,3325.00
    6811,28227.0
    6812,15409.0
    6813,13510.0
    6814,55697.0
    6815,67963.0
    6816,48200.0
    6817,81989.0
    6818,27203.0
    6819,33950.0
    6820,44947.0
    6821,131683.
    6822,36159.0
    6823,29610.0
    6824,31824.0
    6825,14009.0
    6826,37829.0
    6827,10095.0
    6828,19546.0
    6829,9260.00
    6830,27177.0
    6831,13244.0
    6832,16493.0
    6833,18030.0
    6834,14053.0
    6835,6177.00
    6836,13458.0
    6837,5917.00
    6838,23973.0
    6839,8607.00
    6840,9706.00
    6841,11618.0
    6842,11705.0
    6843,12143.0
    6844,6200.00
    6845,707.000
    6846,0.00000
    6847,0.00000
    6848,0.00000
    6849,0.00000
    6850,0.00000
    6851,0.00000
    6852,0.00000
    6853,0.00000
    6854,0.00000
    6855,0.00000
    6856,0.00000
    6857,0.00000
    6858,0.00000
    6900,0.00000
    6901,0.00000
    6902,0.00000
    6903,0.00000
    6904,0.00000
    6905,0.00000
    6906,0.00000
    6907,0.00000
    6908,0.00000
    6909,0.00000
    6910,0.00000
    6911,92.0000
    6912,4128.00
    6913,3699.00
    6914,11195.0
    6915,37380.0
    6916,228169.
    6917,49294.0
    6918,45237.0
    6919,18273.0
    6920,51565.0
    6921,53309.0
    6922,18851.0
    6923,13201.0
    6924,20208.0
    6925,16757.0
    6926,13130.0
    6927,14214.0
    6928,12739.0
    6929,9816.00
    6930,7059.00
    6931,21586.0
    6932,5733.00
    6933,5775.00
    6934,13056.0
    6935,9136.00
    6936,11019.0
    6937,18205.0
    6938,132663.
    6939,27713.0
    6940,9598.00
    6941,8258.00
    6942,9027.00
    6943,17475.0
    6944,8427.00
    6945,12297.0
    6946,0.00000
    6947,0.00000
    6948,0.00000
    6949,0.00000
    6950,0.00000
    6951,0.00000
    6952,0.00000
    6953,0.00000
    6954,0.00000
    6955,0.00000
    6956,0.00000
    6957,0.00000
    6958,0.00000
    7000,0.00000
    7001,0.00000
    7002,0.00000
    7003,0.00000
    7004,0.00000
    7005,0.00000
    7006,0.00000
    7007,0.00000
    7008,0.00000
    7009,0.00000
    7010,0.00000
    7011,0.00000
    7012,0.00000
    7013,0.00000
    7014,698.000
    7015,50116.0
    7016,118373.
    7017,51038.0
    7018,67405.0
    7019,56688.0
    7020,103603.
    7021,122559.
    7022,76042.0
    7023,28883.0
    7024,14052.0
    7025,5090.00
    7026,25189.0
    7027,8062.00
    7028,10440.0
    7029,9565.00
    7030,6388.00
    7031,16605.0
    7032,5313.00
    7033,7684.00
    7034,10611.0
    7035,6174.00
    7036,8558.00
    7037,25353.0
    7038,40804.0
    7039,30866.0
    7040,10151.0
    7041,10689.0
    7042,23624.0
    7043,9150.00
    7044,11263.0
    7045,9502.00
    7046,4568.00
    7047,1142.00
    7048,0.00000
    7049,0.00000
    7050,0.00000
    7051,0.00000
    7052,0.00000
    7053,0.00000
    7054,0.00000
    7055,0.00000
    7056,0.00000
    7057,0.00000
    7058,0.00000
    7100,0.00000
    7101,0.00000
    7102,0.00000
    7103,0.00000
    7104,0.00000
    7105,0.00000
    7106,0.00000
    7107,0.00000
    7108,0.00000
    7109,0.00000
    7110,0.00000
    7111,0.00000
    7112,0.00000
    7113,0.00000
    7114,8317.00
    7115,81905.0
    7116,29009.0
    7117,47860.0
    7118,103222.
    7119,40297.0
    7120,132559.
    7121,333264.
    7122,121354.
    7123,60938.0
    7124,44704.0
    7125,31823.0
    7126,77148.0
    7127,11209.0
    7128,30414.0
    7129,18272.0
    7130,12487.0
    7131,10360.0
    7132,7178.00
    7133,21327.0
    7134,33758.0
    7135,12104.0
    7136,11745.0
    7137,21752.0
    7138,15570.0
    7139,7875.00
    7140,12876.0
    7141,54773.0
    7142,9248.00
    7143,44820.0
    7144,8844.00
    7145,9657.00
    7146,18540.0
    7147,11605.0
    7148,1741.00
    7149,0.00000
    7150,0.00000
    7151,0.00000
    7152,0.00000
    7153,0.00000
    7154,0.00000
    7155,0.00000
    7156,0.00000
    7157,0.00000
    7158,0.00000
    7200,0.00000
    7201,0.00000
    7202,0.00000
    7203,0.00000
    7204,0.00000
    7205,0.00000
    7206,0.00000
    7207,0.00000
    7208,0.00000
    7209,0.00000
    7210,0.00000
    7211,0.00000
    7212,0.00000
    7213,2000.00
    7214,34311.0
    7215,62820.0
    7216,26965.0
    7217,13334.0
    7218,47522.0
    7219,85374.0
    7220,173109.
    7221,334774.
    7222,88085.0
    7223,92730.0
    7224,63702.0
    7225,27001.0
    7226,15057.0
    7227,17045.0
    7228,7965.00
    7229,6218.00
    7230,19943.0
    7231,8935.00
    7232,12393.0
    7233,36255.0
    7234,137059.
    7235,19831.0
    7236,6172.00
    7237,10137.0
    7238,7785.00
    7239,15487.0
    7240,6523.00
    7241,8780.00
    7242,9247.00
    7243,14318.0
    7244,20760.0
    7245,13263.0
    7246,14345.0
    7247,16836.0
    7248,10156.0
    7249,11.0000
    7250,0.00000
    7251,0.00000
    7252,0.00000
    7253,0.00000
    7254,0.00000
    7255,0.00000
    7256,0.00000
    7257,0.00000
    7258,0.00000
    7300,0.00000
    7301,0.00000
    7302,0.00000
    7303,0.00000
    7304,0.00000
    7305,0.00000
    7306,0.00000
    7307,0.00000
    7308,0.00000
    7309,0.00000
    7310,0.00000
    7311,0.00000
    7312,349.000
    7313,16854.0
    7314,59042.0
    7315,7822.00
    7316,5422.00
    7317,9725.00
    7318,20481.0
    7319,59231.0
    7320,100777.
    7321,110917.
    7322,122891.
    7323,46190.0
    7324,64473.0
    7325,29072.0
    7326,39909.0
    7327,54233.0
    7328,10998.0
    7329,12117.0
    7330,15563.0
    7331,14431.0
    7332,8314.00
    7333,12566.0
    7334,19460.0
    7335,27764.0
    7336,17400.0
    7337,9110.00
    7338,8181.00
    7339,17956.0
    7340,22141.0
    7341,17467.0
    7342,13040.0
    7343,8898.00
    7344,15635.0
    7345,19929.0
    7346,22836.0
    7347,18506.0
    7348,9197.00
    7349,71.0000
    7350,0.00000
    7351,0.00000
    7352,0.00000
    7353,0.00000
    7354,0.00000
    7355,0.00000
    7356,0.00000
    7357,0.00000
    7358,0.00000
    7400,0.00000
    7401,0.00000
    7402,0.00000
    7403,0.00000
    7404,0.00000
    7405,0.00000
    7406,0.00000
    7407,0.00000
    7408,0.00000
    7409,0.00000
    7410,0.00000
    7411,0.00000
    7412,7576.00
    7413,40766.0
    7414,40361.0
    7415,3972.00
    7416,12991.0
    7417,27965.0
    7418,42440.0
    7419,45425.0
    7420,65394.0
    7421,130491.
    7422,54434.0
    7423,13840.0
    7424,13909.0
    7425,11504.0
    7426,15442.0
    7427,20968.0
    7428,32117.0
    7429,18879.0
    7430,20431.0
    7431,21136.0
    7432,11602.0
    7433,16733.0
    7434,14596.0
    7435,30511.0
    7436,18219.0
    7437,7687.00
    7438,61019.0
    7439,43939.0
    7440,6198.00
    7441,11370.0
    7442,8572.00
    7443,5939.00
    7444,12572.0
    7445,12721.0
    7446,53896.0
    7447,5338.00
    7448,5871.00
    7449,0.00000
    7450,0.00000
    7451,0.00000
    7452,0.00000
    7453,0.00000
    7454,0.00000
    7455,0.00000
    7456,0.00000
    7457,0.00000
    7458,0.00000
    7500,0.00000
    7501,0.00000
    7502,0.00000
    7503,0.00000
    7504,0.00000
    7505,0.00000
    7506,0.00000
    7507,0.00000
    7508,0.00000
    7509,0.00000
    7510,0.00000
    7511,0.00000
    7512,10697.0
    7513,77140.0
    7514,16548.0
    7515,4883.00
    7516,27450.0
    7517,28905.0
    7518,30755.0
    7519,28596.0
    7520,55068.0
    7521,83977.0
    7522,13271.0
    7523,10074.0
    7524,17110.0
    7525,49347.0
    7526,66766.0
    7527,22022.0
    7528,24172.0
    7529,10613.0
    7530,22137.0
    7531,47979.0
    7532,29650.0
    7533,10077.0
    7534,13711.0
    7535,22028.0
    7536,38112.0
    7537,25245.0
    7538,12182.0
    7539,9864.00
    7540,20632.0
    7541,5328.00
    7542,20015.0
    7543,18433.0
    7544,10725.0
    7545,16866.0
    7546,12396.0
    7547,0.00000
    7548,0.00000
    7549,0.00000
    7550,0.00000
    7551,0.00000
    7552,0.00000
    7553,0.00000
    7554,0.00000
    7555,0.00000
    7556,0.00000
    7557,0.00000
    7558,0.00000
    7600,0.00000
    7601,0.00000
    7602,0.00000
    7603,0.00000
    7604,0.00000
    7605,0.00000
    7606,0.00000
    7607,0.00000
    7608,0.00000
    7609,0.00000
    7610,0.00000
    7611,0.00000
    7612,11862.0
    7613,58733.0
    7614,19961.0
    7615,8786.00
    7616,12524.0
    7617,25625.0
    7618,19627.0
    7619,38675.0
    7620,11798.0
    7621,11423.0
    7622,4362.00
    7623,5790.00
    7624,14140.0
    7625,72821.0
    7626,60035.0
    7627,31322.0
    7628,13731.0
    7629,9786.00
    7630,26701.0
    7631,294333.
    7632,11493.0
    7633,16961.0
    7634,22805.0
    7635,25664.0
    7636,45845.0
    7637,37533.0
    7638,13960.0
    7639,13369.0
    7640,8507.00
    7641,7515.00
    7642,9253.00
    7643,8308.00
    7644,7260.00
    7645,13617.0
    7646,3063.00
    7647,0.00000
    7648,0.00000
    7649,0.00000
    7650,0.00000
    7651,0.00000
    7652,0.00000
    7653,0.00000
    7654,0.00000
    7655,0.00000
    7656,0.00000
    7657,0.00000
    7658,0.00000
    7700,0.00000
    7701,0.00000
    7702,0.00000
    7703,0.00000
    7704,0.00000
    7705,0.00000
    7706,0.00000
    7707,0.00000
    7708,0.00000
    7709,0.00000
    7710,0.00000
    7711,0.00000
    7712,36909.0
    7713,13348.0
    7714,16025.0
    7715,9836.00
    7716,28623.0
    7717,23585.0
    7718,15221.0
    7719,42700.0
    7720,33501.0
    7721,13152.0
    7722,6190.00
    7723,10498.0
    7724,34229.0
    7725,22511.0
    7726,40994.0
    7727,10776.0
    7728,25351.0
    7729,11628.0
    7730,18911.0
    7731,66743.0
    7732,13502.0
    7733,34572.0
    7734,100084.
    7735,147035.
    7736,31169.0
    7737,23126.0
    7738,16294.0
    7739,14827.0
    7740,41381.0
    7741,41848.0
    7742,29971.0
    7743,14095.0
    7744,9280.00
    7745,0.00000
    7746,0.00000
    7747,0.00000
    7748,0.00000
    7749,0.00000
    7750,0.00000
    7751,0.00000
    7752,0.00000
    7753,0.00000
    7754,0.00000
    7755,0.00000
    7756,0.00000
    7757,0.00000
    7758,0.00000
    7800,0.00000
    7801,0.00000
    7802,0.00000
    7803,0.00000
    7804,0.00000
    7805,0.00000
    7806,0.00000
    7807,0.00000
    7808,0.00000
    7809,0.00000
    7810,0.00000
    7811,7070.00
    7812,28840.0
    7813,27797.0
    7814,13345.0
    7815,12544.0
    7816,26088.0
    7817,39861.0
    7818,22361.0
    7819,14389.0
    7820,14474.0
    7821,6567.00
    7822,15937.0
    7823,10913.0
    7824,16456.0
    7825,14374.0
    7826,15648.0
    7827,11941.0
    7828,8585.00
    7829,6203.00
    7830,23381.0
    7831,14567.0
    7832,14111.0
    7833,72661.0
    7834,247770.
    7835,833357.
    7836,127844.
    7837,14776.0
    7838,10842.0
    7839,9012.00
    7840,7966.00
    7841,14471.0
    7842,27274.0
    7843,7211.00
    7844,0.00000
    7845,0.00000
    7846,0.00000
    7847,0.00000
    7848,0.00000
    7849,0.00000
    7850,0.00000
    7851,0.00000
    7852,0.00000
    7853,0.00000
    7854,0.00000
    7855,0.00000
    7856,0.00000
    7857,0.00000
    7858,0.00000
    7900,0.00000
    7901,0.00000
    7902,0.00000
    7903,0.00000
    7904,0.00000
    7905,0.00000
    7906,0.00000
    7907,0.00000
    7908,0.00000
    7909,0.00000
    7910,0.00000
    7911,16946.0
    7912,64017.0
    7913,86231.0
    7914,7722.00
    7915,15943.0
    7916,48715.0
    7917,77594.0
    7918,28851.0
    7919,13840.0
    7920,7088.00
    7921,23644.0
    7922,22409.0
    7923,22807.0
    7924,34331.0
    7925,17133.0
    7926,15777.0
    7927,14468.0
    7928,14396.0
    7929,26028.0
    7930,22541.0
    7931,44160.0
    7932,24321.0
    7933,32137.0
    7934,59666.0
    7935,217490.
    7936,89097.0
    7937,40614.0
    7938,12374.0
    7939,19738.0
    7940,7734.00
    7941,15667.0
    7942,7441.00
    7943,36.0000
    7944,0.00000
    7945,0.00000
    7946,0.00000
    7947,0.00000
    7948,0.00000
    7949,0.00000
    7950,0.00000
    7951,0.00000
    7952,0.00000
    7953,0.00000
    7954,0.00000
    7955,0.00000
    7956,0.00000
    7957,0.00000
    7958,0.00000
    8000,0.00000
    8001,0.00000
    8002,0.00000
    8003,0.00000
    8004,0.00000
    8005,0.00000
    8006,0.00000
    8007,0.00000
    8008,0.00000
    8009,0.00000
    8010,0.00000
    8011,4767.00
    8012,102155.
    8013,103497.
    8014,8978.00
    8015,11631.0
    8016,25469.0
    8017,23408.0
    8018,28744.0
    8019,17566.0
    8020,11386.0
    8021,16192.0
    8022,10272.0
    8023,14867.0
    8024,24297.0
    8025,6442.00
    8026,13366.0
    8027,45711.0
    8028,5259.00
    8029,25799.0
    8030,13928.0
    8031,11753.0
    8032,12941.0
    8033,29102.0
    8034,33775.0
    8035,12844.0
    8036,15299.0
    8037,14881.0
    8038,11867.0
    8039,18352.0
    8040,10891.0
    8041,34486.0
    8042,15226.0
    8043,6100.00
    8044,0.00000
    8045,0.00000
    8046,0.00000
    8047,0.00000
    8048,0.00000
    8049,0.00000
    8050,0.00000
    8051,0.00000
    8052,0.00000
    8053,0.00000
    8054,0.00000
    8055,0.00000
    8056,0.00000
    8057,0.00000
    8058,0.00000
    8100,0.00000
    8101,0.00000
    8102,0.00000
    8103,0.00000
    8104,0.00000
    8105,0.00000
    8106,0.00000
    8107,0.00000
    8108,0.00000
    8109,0.00000
    8110,0.00000
    8111,26993.0
    8112,25121.0
    8113,5947.00
    8114,3446.00
    8115,8939.00
    8116,13526.0
    8117,15800.0
    8118,14585.0
    8119,15462.0
    8120,23993.0
    8121,13606.0
    8122,11823.0
    8123,35326.0
    8124,16346.0
    8125,7984.00
    8126,19803.0
    8127,12764.0
    8128,9804.00
    8129,36575.0
    8130,6986.00
    8131,20729.0
    8132,36626.0
    8133,7878.00
    8134,38073.0
    8135,9209.00
    8136,15924.0
    8137,27067.0
    8138,89995.0
    8139,20482.0
    8140,25998.0
    8141,31133.0
    8142,10435.0
    8143,34398.0
    8144,4.00000
    8145,0.00000
    8146,0.00000
    8147,0.00000
    8148,0.00000
    8149,0.00000
    8150,0.00000
    8151,0.00000
    8152,0.00000
    8153,0.00000
    8154,0.00000
    8155,0.00000
    8156,0.00000
    8157,0.00000
    8158,0.00000
    8200,0.00000
    8201,0.00000
    8202,0.00000
    8203,0.00000
    8204,0.00000
    8205,0.00000
    8206,0.00000
    8207,0.00000
    8208,0.00000
    8209,0.00000
    8210,0.00000
    8211,17070.0
    8212,9895.00
    8213,9041.00
    8214,7744.00
    8215,9883.00
    8216,5231.00
    8217,757.000
    8218,18809.0
    8219,77327.0
    8220,28095.0
    8221,43539.0
    8222,25377.0
    8223,61827.0
    8224,22539.0
    8225,13485.0
    8226,7336.00
    8227,55010.0
    8228,27271.0
    8229,23217.0
    8230,7888.00
    8231,10731.0
    8232,20740.0
    8233,10938.0
    8234,24342.0
    8235,26696.0
    8236,21056.0
    8237,28753.0
    8238,28159.0
    8239,10535.0
    8240,18014.0
    8241,12639.0
    8242,6466.00
    8243,33896.0
    8244,45.0000
    8245,0.00000
    8246,0.00000
    8247,0.00000
    8248,0.00000
    8249,0.00000
    8250,0.00000
    8251,0.00000
    8252,0.00000
    8253,0.00000
    8254,0.00000
    8255,0.00000
    8256,0.00000
    8257,0.00000
    8258,0.00000
    8300,0.00000
    8301,0.00000
    8302,0.00000
    8303,0.00000
    8304,0.00000
    8305,0.00000
    8306,0.00000
    8307,0.00000
    8308,0.00000
    8309,0.00000
    8310,0.00000
    8311,35066.0
    8312,45728.0
    8313,19771.0
    8314,11113.0
    8315,43050.0
    8316,12075.0
    8317,8312.00
    8318,4100.00
    8319,6236.00
    8320,13411.0
    8321,64154.0
    8322,44161.0
    8323,49632.0
    8324,22518.0
    8325,39036.0
    8326,21534.0
    8327,14067.0
    8328,16501.0
    8329,7016.00
    8330,7574.00
    8331,3309.00
    8332,6295.00
    8333,13367.0
    8334,6433.00
    8335,11818.0
    8336,7895.00
    8337,2717.00
    8338,1365.00
    8339,8226.00
    8340,2397.00
    8341,98.0000
    8342,248.000
    8343,11874.0
    8344,9260.00
    8345,0.00000
    8346,0.00000
    8347,0.00000
    8348,0.00000
    8349,0.00000
    8350,0.00000
    8351,0.00000
    8352,0.00000
    8353,0.00000
    8354,0.00000
    8355,0.00000
    8356,0.00000
    8357,0.00000
    8358,0.00000
    8400,0.00000
    8401,0.00000
    8402,0.00000
    8403,0.00000
    8404,0.00000
    8405,0.00000
    8406,0.00000
    8407,0.00000
    8408,0.00000
    8409,0.00000
    8410,0.00000
    8411,34549.0
    8412,42637.0
    8413,25379.0
    8414,19200.0
    8415,2218.00
    8416,2800.00
    8417,0.00000
    8418,0.00000
    8419,0.00000
    8420,0.00000
    8421,0.00000
    8422,0.00000
    8423,17803.0
    8424,37486.0
    8425,13056.0
    8426,8917.00
    8427,41855.0
    8428,5633.00
    8429,8479.00
    8430,7049.00
    8431,50.0000
    8432,14384.0
    8433,3578.00
    8434,345.000
    8435,0.00000
    8436,0.00000
    8437,0.00000
    8438,0.00000
    8439,0.00000
    8440,0.00000
    8441,0.00000
    8442,0.00000
    8443,497.000
    8444,558.000
    8445,0.00000
    8446,0.00000
    8447,0.00000
    8448,0.00000
    8449,0.00000
    8450,0.00000
    8451,0.00000
    8452,0.00000
    8453,0.00000
    8454,0.00000
    8455,0.00000
    8456,0.00000
    8457,0.00000
    8458,0.00000
    8500,0.00000
    8501,0.00000
    8502,0.00000
    8503,0.00000
    8504,0.00000
    8505,0.00000
    8506,0.00000
    8507,0.00000
    8508,0.00000
    8509,0.00000
    8510,0.00000
    8511,0.00000
    8512,0.00000
    8513,0.00000
    8514,0.00000
    8515,0.00000
    8516,0.00000
    8517,0.00000
    8518,0.00000
    8519,0.00000
    8520,0.00000
    8521,0.00000
    8522,0.00000
    8523,0.00000
    8524,0.00000
    8525,0.00000
    8526,374.000
    8527,16929.0
    8528,990.000
    8529,0.00000
    8530,0.00000
    8531,71.0000
    8532,30597.0
    8533,6649.00
    8534,0.00000
    8535,0.00000
    8536,0.00000
    8537,0.00000
    8538,0.00000
    8539,0.00000
    8540,0.00000
    8541,0.00000
    8542,0.00000
    8543,0.00000
    8544,0.00000
    8545,0.00000
    8546,0.00000
    8547,0.00000
    8548,0.00000
    8549,0.00000
    8550,0.00000
    8551,0.00000
    8552,0.00000
    8553,0.00000
    8554,0.00000
    8555,0.00000
    8556,0.00000
    8557,0.00000
    8558,0.00000
    8600,0.00000
    8601,0.00000
    8602,0.00000
    8603,0.00000
    8604,0.00000
    8605,0.00000
    8606,0.00000
    8607,0.00000
    8608,0.00000
    8609,0.00000
    8610,0.00000
    8611,0.00000
    8612,0.00000
    8613,0.00000
    8614,0.00000
    8615,0.00000
    8616,0.00000
    8617,0.00000
    8618,0.00000
    8619,0.00000
    8620,0.00000
    8621,0.00000
    8622,0.00000
    8623,0.00000
    8624,0.00000
    8625,0.00000
    8626,0.00000
    8627,984.000
    8628,0.00000
    8629,0.00000
    8630,0.00000
    8631,0.00000
    8632,0.00000
    8633,0.00000
    8634,0.00000
    8635,0.00000
    8636,0.00000
    8637,0.00000
    8638,0.00000
    8639,0.00000
    8640,0.00000
    8641,0.00000
    8642,0.00000
    8643,0.00000
    8644,0.00000
    8645,0.00000
    8646,0.00000
    8647,0.00000
    8648,0.00000
    8649,0.00000
    8650,0.00000
    8651,0.00000
    8652,0.00000
    8653,0.00000
    8654,0.00000
    8655,0.00000
    8656,0.00000
    8657,0.00000
    8658,0.00000
    8700,0.00000
    8701,0.00000
    8702,0.00000
    8703,0.00000
    8704,0.00000
    8705,0.00000
    8706,0.00000
    8707,0.00000
    8708,0.00000
    8709,0.00000
    8710,0.00000
    8711,0.00000
    8712,0.00000
    8713,0.00000
    8714,0.00000
    8715,0.00000
    8716,0.00000
    8717,0.00000
    8718,0.00000
    8719,0.00000
    8720,0.00000
    8721,0.00000
    8722,0.00000
    8723,0.00000
    8724,0.00000
    8725,0.00000
    8726,0.00000
    8727,0.00000
    8728,0.00000
    8729,0.00000
    8730,0.00000
    8731,0.00000
    8732,0.00000
    8733,0.00000
    8734,0.00000
    8735,0.00000
    8736,0.00000
    8737,0.00000
    8738,0.00000
    8739,0.00000
    8740,0.00000
    8741,0.00000
    8742,0.00000
    8743,0.00000
    8744,0.00000
    8745,0.00000
    8746,0.00000
    8747,0.00000
    8748,0.00000
    8749,0.00000
    8750,0.00000
    8751,0.00000
    8752,0.00000
    8753,0.00000
    8754,0.00000
    8755,0.00000
    8756,0.00000
    8757,0.00000
    8758,0.00000
    8800,0.00000
    8801,0.00000
    8802,0.00000
    8803,0.00000
    8804,0.00000
    8805,0.00000
    8806,0.00000
    8807,0.00000
    8808,0.00000
    8809,0.00000
    8810,0.00000
    8811,0.00000
    8812,0.00000
    8813,0.00000
    8814,0.00000
    8815,0.00000
    8816,0.00000
    8817,0.00000
    8818,0.00000
    8819,0.00000
    8820,0.00000
    8821,0.00000
    8822,0.00000
    8823,0.00000
    8824,0.00000
    8825,0.00000
    8826,0.00000
    8827,0.00000
    8828,0.00000
    8829,0.00000
    8830,0.00000
    8831,0.00000
    8832,0.00000
    8833,0.00000
    8834,0.00000
    8835,0.00000
    8836,0.00000
    8837,0.00000
    8838,0.00000
    8839,0.00000
    8840,0.00000
    8841,0.00000
    8842,0.00000
    8843,0.00000
    8844,0.00000
    8845,0.00000
    8846,0.00000
    8847,0.00000
    8848,0.00000
    8849,0.00000
    8850,0.00000
    8851,0.00000
    8852,0.00000
    8853,0.00000
    8854,0.00000
    8855,0.00000
    8856,0.00000
    8857,0.00000
    8858,0.00000
